run,w,k,center,seed,index_build_seconds,query_encode_seconds,scoring_seconds,online_seconds,single_query_latency_ms,index_bytes,ndcg@1,ndcg@3,ndcg@5,ndcg@10,ndcg@20,ndcg@50,ndcg@100,recall@1,recall@3,recall@5,recall@10,recall@20,recall@50,recall@100,precision@1,precision@3,precision@5,precision@10,precision@20,precision@50,precision@100,mrr@1,mrr@3,mrr@5,mrr@10,mrr@20,mrr@50,mrr@100,map@1,map@3,map@5,map@10,map@20,map@50,map@100
w1024_k32_center_seed0,1024,32,True,0,16.096,0.048,0.2381,0.286,7.4,22556448,0.26,0.30254,0.32155,0.34373,0.36771,0.38977,0.39542,0.24528,0.33417,0.38094,0.44872,0.53883,0.64494,0.676,0.26,0.12111,0.08467,0.05,0.0305,0.01467,0.0078,0.26,0.30167,0.31283,0.32146,0.32714,0.33072,0.33114,0.24528,0.28463,0.29589,0.30539,0.31281,0.31656,0.31722
w1024_k32_seed0,1024,32,False,0,10.138,0.044,0.2286,0.272,6.17,18838120,0.23,0.27964,0.3001,0.32647,0.34938,0.36681,0.37752,0.21778,0.31483,0.36606,0.44383,0.5305,0.61633,0.68189,0.23,0.11444,0.08067,0.05033,0.03,0.01407,0.00777,0.23,0.27611,0.28661,0.29618,0.30285,0.30534,0.30618,0.21778,0.26082,0.27342,0.28518,0.2919,0.29474,0.29568
w1024_k8_center_seed0,1024,8,True,0,14.818,0.027,0.0684,0.096,3.37,10794304,0.21,0.25441,0.26512,0.28876,0.30908,0.3277,0.34026,0.194,0.28817,0.31567,0.384,0.46122,0.55133,0.62561,0.21,0.10444,0.06933,0.04233,0.02583,0.01253,0.00713,0.21,0.25389,0.26156,0.27086,0.27622,0.27895,0.27999,0.194,0.23576,0.24205,0.25322,0.25894,0.2621,0.26331
w1024_k8_seed0,1024,8,False,0,12.277,0.046,0.0681,0.114,3.09,8660088,0.16667,0.21183,0.23116,0.25507,0.27361,0.29378,0.30624,0.14928,0.24206,0.2915,0.36178,0.43456,0.53411,0.60783,0.16667,0.09222,0.066,0.04067,0.02433,0.012,0.0069,0.16667,0.21056,0.22322,0.23344,0.23792,0.24107,0.24208,0.14928,0.19354,0.20534,0.21589,0.22112,0.22438,0.22556
w16384_k32_center_seed0,16384,32,True,0,54.526,0.19,0.1897,0.38,36.86,67310432,0.42333,0.47596,0.49743,0.51847,0.53869,0.55529,0.56273,0.39817,0.51594,0.57106,0.62989,0.70722,0.78733,0.83233,0.42333,0.18889,0.12667,0.07133,0.04017,0.01793,0.00943,0.42333,0.47389,0.48572,0.49439,0.49919,0.5016,0.50225,0.39817,0.4527,0.4665,0.47642,0.48256,0.48552,0.48622
w16384_k32_seed0,16384,32,False,0,47.466,0.199,0.2053,0.404,25.76,53198080,0.39,0.44653,0.46624,0.48657,0.50546,0.52712,0.5332,0.36956,0.49178,0.539,0.59744,0.66911,0.77211,0.80833,0.39,0.17444,0.11867,0.06733,0.03783,0.01747,0.00917,0.39,0.44444,0.45528,0.46247,0.46714,0.47057,0.47104,0.36956,0.42266,0.43482,0.4446,0.4504,0.45439,0.45495
w16384_k8_center_seed0,16384,8,True,0,53.899,0.196,0.0796,0.275,17.66,23628320,0.31667,0.36373,0.38311,0.41199,0.42568,0.43826,0.44784,0.29817,0.40039,0.44744,0.53278,0.58528,0.64678,0.70456,0.31667,0.14556,0.1,0.06067,0.03317,0.01467,0.00803,0.31667,0.36389,0.37456,0.38541,0.38905,0.39091,0.3916,0.29817,0.34261,0.35519,0.36778,0.37183,0.37402,0.3749
w16384_k8_seed0,16384,8,False,0,46.826,0.166,0.0528,0.219,12.38,18787936,0.28333,0.33196,0.35296,0.37092,0.38996,0.40831,0.42416,0.27278,0.36706,0.41883,0.46967,0.54394,0.63394,0.72956,0.28333,0.13222,0.092,0.05267,0.03067,0.01427,0.00823,0.28333,0.32833,0.34033,0.3473,0.35207,0.35507,0.35632,0.27278,0.31323,0.32591,0.33441,0.3397,0.3427,0.34418
w4096_k32_center_seed0,4096,32,True,0,23.881,0.118,0.2274,0.345,16.87,42854096,0.36,0.42609,0.4477,0.47383,0.48581,0.5043,0.51407,0.34417,0.47011,0.52206,0.60033,0.64478,0.735,0.79567,0.36,0.17111,0.116,0.06767,0.03667,0.0168,0.00903,0.36,0.42111,0.43294,0.44301,0.4459,0.44853,0.44933,0.34417,0.40293,0.41694,0.42852,0.43214,0.43533,0.43617
w4096_k32_seed0,4096,32,False,0,17.214,0.086,0.2241,0.311,13.6,34304080,0.32,0.38976,0.41318,0.43121,0.44719,0.47028,0.47984,0.30639,0.43917,0.49472,0.54772,0.60756,0.71956,0.77733,0.32,0.15556,0.108,0.061,0.0345,0.01647,0.00887,0.32,0.38111,0.39328,0.40058,0.40459,0.40787,0.40862,0.30639,0.36657,0.38148,0.3895,0.39412,0.39814,0.39904
w4096_k8_center_seed0,4096,8,True,0,20.773,0.068,0.0606,0.129,7.17,17058584,0.32333,0.36558,0.38488,0.40673,0.42212,0.44274,0.45207,0.30417,0.39778,0.44356,0.50756,0.56433,0.666,0.72178,0.32333,0.14222,0.098,0.057,0.032,0.01513,0.00823,0.32333,0.36667,0.37817,0.3864,0.39061,0.39357,0.39431,0.30417,0.34713,0.35876,0.36872,0.37348,0.37687,0.37774
w4096_k8_seed0,4096,8,False,0,17.362,0.122,0.0609,0.183,5.71,13518648,0.26667,0.31452,0.32473,0.34623,0.36007,0.37502,0.3844,0.25428,0.34994,0.37467,0.43828,0.4895,0.56294,0.61861,0.26667,0.12556,0.084,0.04933,0.028,0.01287,0.00707,0.26667,0.31222,0.31739,0.32605,0.32964,0.33189,0.33273,0.25428,0.29572,0.30272,0.31208,0.31642,0.31892,0.3198
w65536_k32_center_seed0,65536,32,True,0,196.6,0.754,0.2089,0.963,86.65,92816200,0.43,0.48832,0.52138,0.54709,0.56306,0.57725,0.58438,0.4065,0.52883,0.61072,0.686,0.746,0.815,0.85733,0.43,0.19444,0.13667,0.07733,0.04233,0.01847,0.00973,0.43,0.48611,0.50278,0.51306,0.51708,0.51921,0.51975,0.4065,0.46404,0.48505,0.49688,0.50178,0.50428,0.50496
w65536_k32_center_seed1,65536,32,True,1,200.712,0.779,0.1997,0.979,88.94,92570584,0.45333,0.51961,0.53906,0.56177,0.57409,0.58662,0.59782,0.42594,0.56633,0.61811,0.68367,0.72933,0.78956,0.85733,0.45333,0.20667,0.13533,0.07633,0.041,0.01793,0.00973,0.45333,0.51722,0.52856,0.53711,0.53998,0.5416,0.54242,0.42594,0.49248,0.5047,0.51544,0.51933,0.52155,0.52261
w65536_k32_center_seed2,65536,32,True,2,196.813,0.786,0.2105,0.997,88.12,92960120,0.44,0.50559,0.52882,0.55992,0.57171,0.5836,0.59288,0.41372,0.55856,0.61294,0.70444,0.75056,0.80733,0.862,0.44,0.19889,0.136,0.08,0.0425,0.01833,0.00983,0.44,0.50444,0.51511,0.52664,0.52956,0.53126,0.53193,0.41372,0.477,0.4928,0.50694,0.51035,0.5126,0.51355
w65536_k32_seed0,65536,32,False,0,186.709,0.762,0.1973,0.96,64.72,72821024,0.43,0.48349,0.51198,0.5442,0.55785,0.56907,0.57408,0.40706,0.52094,0.59261,0.688,0.74033,0.79433,0.825,0.43,0.18778,0.13,0.07667,0.04167,0.018,0.00933,0.43,0.48111,0.49661,0.50891,0.51216,0.51363,0.51404,0.40706,0.46169,0.4792,0.49387,0.49789,0.49987,0.50031
w65536_k32_seed1,65536,32,False,1,196.902,0.784,0.2002,0.984,65.07,72427216,0.43667,0.50052,0.52311,0.54807,0.56075,0.57461,0.57831,0.40861,0.549,0.60578,0.67883,0.727,0.79422,0.81556,0.43667,0.20111,0.13467,0.076,0.04083,0.01787,0.00923,0.43667,0.49778,0.51061,0.52037,0.52346,0.52538,0.52561,0.40861,0.47337,0.48776,0.49915,0.50301,0.50557,0.50594
w65536_k32_seed2,65536,32,False,2,207.853,0.781,0.1866,0.968,64.81,72221544,0.43667,0.49338,0.51447,0.5386,0.55928,0.57039,0.5765,0.41206,0.53939,0.59144,0.661,0.74211,0.79467,0.83133,0.43667,0.19444,0.13067,0.075,0.04183,0.01813,0.00947,0.43667,0.49111,0.50244,0.51096,0.5164,0.51781,0.5183,0.41206,0.46813,0.48159,0.49305,0.49886,0.501,0.50158
w65536_k8_center_seed0,65536,8,True,0,196.8,0.789,0.0586,0.848,37.06,29779448,0.33667,0.38241,0.41509,0.43784,0.45683,0.46592,0.47656,0.31483,0.413,0.49644,0.56172,0.63367,0.67978,0.74267,0.33667,0.15222,0.11,0.06367,0.03583,0.01533,0.00843,0.33667,0.38,0.40033,0.40912,0.41431,0.41555,0.41636,0.31483,0.36328,0.38222,0.39288,0.39862,0.40006,0.40109
w65536_k8_seed0,65536,8,False,0,191.967,0.774,0.0544,0.829,30.34,23703552,0.35667,0.40447,0.41764,0.44019,0.45434,0.47158,0.48038,0.33417,0.439,0.47178,0.53844,0.59078,0.67489,0.72733,0.35667,0.15778,0.104,0.06033,0.03367,0.01547,0.00833,0.35667,0.40556,0.41239,0.42115,0.42423,0.42677,0.42751,0.33417,0.38356,0.39307,0.40315,0.40759,0.41045,0.41128
