dataset,method,ndcg@10,mrr@10,recall@10
scifact,first stage,0.7431977501634008,0.7103333333333333,0.86
scifact,cross-encoder,0.7963673345933138,0.7662222222222222,0.89
scifact,Jev V1,0.8389343193620077,0.8186666666666667,0.91
scifact,Jev V2,0.8364001969458363,0.8183333333333332,0.9
scifact,Jev V3,0.8263941614433087,0.7965000000000001,0.91
scifact,base (MaxSim@10),0.7625460398118459,,
nfcorpus,first stage,0.3622547719365975,0.5880238095238095,0.1545079264199738
nfcorpus,cross-encoder,0.37746810795447777,0.5803333333333334,0.16909208991940672
nfcorpus,Jev V1,0.40400433076897974,0.6204444444444445,0.17662042925436924
nfcorpus,Jev V2,0.4000596434329954,0.6236031746031746,0.17124832649240004
nfcorpus,Jev V3,0.39554909785862175,0.6643333333333333,0.1683148297326552
nfcorpus,base (MaxSim@10),0.3656622312366241,,
arguana,first stage,0.5375248177332315,0.4256587301587302,0.9
arguana,cross-encoder,0.6629715611443097,0.5692380952380952,0.96
arguana,Jev V1,0.6299372307266844,0.5303571428571429,0.94
arguana,Jev V2,0.687268395799341,0.6193571428571428,0.9
arguana,Jev V3,0.7316924689065628,0.6833333333333332,0.88
arguana,base (MaxSim@10),0.5566833988807702,,
