query_id,SMVE,SMVE + MaxSim @10,SMVE + MaxSim @20,SMVE + MaxSim @50,SMVE + MaxSim @100,SMVE + cross-encoder @10,SMVE + cross-encoder @20,SMVE + cross-encoder @50,SMVE + cross-encoder @100,Dense + lexical,Dense + lexical + MaxSim @10,Dense + lexical + MaxSim @20,Dense + lexical + MaxSim @50,Dense + lexical + MaxSim @100,Dense + lexical + cross-encoder @10,Dense + lexical + cross-encoder @20,Dense + lexical + cross-encoder @50,Dense + lexical + cross-encoder @100,Exhaustive MaxSim,BGE-M3 dense
1,0.0,0.0,0.0,0.0,0.0,0.0,0.0,0.0,0.0,0.0,0.0,0.0,0.0,0.0,0.0,0.0,0.0,0.0,0.0,0.0
3,0.3333333333333333,0.43067655807339306,0.43067655807339306,0.38685280723454163,0.38685280723454163,1.0,0.6309297535714575,0.5,0.5,0.6309297535714575,0.38685280723454163,0.38685280723454163,0.38685280723454163,0.38685280723454163,0.6309297535714575,0.5,0.5,0.5,0.3868528072345416,0.430676558073393
5,1.0,1.0,1.0,1.0,1.0,1.0,1.0,1.0,1.0,1.0,1.0,1.0,1.0,1.0,1.0,1.0,1.0,1.0,1.0,1.0
13,0.3333333333333333,0.3010299956639812,0.0,0.0,0.0,0.38685280723454163,0.3562071871080222,0.2890648263178879,0.0,0.3333333333333333,0.2890648263178879,0.0,0.0,0.0,0.3562071871080222,0.2890648263178879,0.0,0.0,0.0,0.3562071871080222
36,0.3065735963827292,0.2640681225725909,0.2640681225725909,0.2640681225725909,0.2640681225725909,0.23719771276929622,0.21840743681816419,0.20438239758848611,0.3706656904013186,0.21840743681816419,0.2640681225725909,0.2640681225725909,0.2640681225725909,0.2640681225725909,0.21840743681816419,0.18457569677956817,0.17723928678404774,0.17723928678404774,0.2640681225725909,0.2371977127692962
42,1.0,1.0,1.0,1.0,1.0,1.0,1.0,1.0,1.0,1.0,1.0,1.0,1.0,1.0,1.0,1.0,1.0,1.0,1.0,1.0
48,0.0,0.0,0.5,0.5,0.5,0.0,1.0,1.0,1.0,0.38685280723454163,0.5,0.5,0.5,0.5,1.0,1.0,1.0,1.0,0.5,0.0
49,1.0,1.0,1.0,1.0,1.0,1.0,1.0,1.0,1.0,1.0,1.0,1.0,1.0,1.0,1.0,1.0,1.0,1.0,1.0,1.0
50,1.0,1.0,1.0,1.0,1.0,1.0,1.0,1.0,1.0,1.0,1.0,1.0,1.0,1.0,1.0,1.0,1.0,1.0,1.0,1.0
51,1.0,1.0,1.0,1.0,1.0,1.0,1.0,1.0,1.0,1.0,1.0,1.0,1.0,1.0,1.0,1.0,1.0,1.0,1.0,1.0
53,1.0,1.0,1.0,1.0,1.0,1.0,1.0,1.0,1.0,1.0,1.0,1.0,1.0,1.0,1.0,1.0,1.0,1.0,1.0,1.0
54,0.3333333333333333,0.3562071871080222,0.3562071871080222,0.3333333333333333,0.3333333333333333,1.0,1.0,1.0,1.0,0.3333333333333333,0.3333333333333333,0.3333333333333333,0.3333333333333333,0.3333333333333333,1.0,1.0,1.0,1.0,0.3333333333333333,0.3868528072345416
56,1.0,1.0,1.0,1.0,1.0,1.0,1.0,1.0,1.0,1.0,1.0,1.0,1.0,1.0,1.0,1.0,1.0,1.0,1.0,1.0
57,1.0,1.0,1.0,1.0,1.0,1.0,1.0,1.0,1.0,1.0,1.0,1.0,1.0,1.0,1.0,1.0,1.0,1.0,1.0,1.0
70,0.0,0.0,0.8772153153380493,0.8772153153380493,0.8772153153380493,0.0,1.0,1.0,1.0,0.38162168437253385,0.8772153153380493,0.8772153153380493,0.8772153153380493,0.8772153153380493,1.0,1.0,1.0,1.0,0.8772153153380493,0.1934264036172708
72,0.0,0.0,0.3562071871080222,0.31546487678572877,0.3010299956639812,0.0,1.0,1.0,1.0,1.0,0.38685280723454163,0.3333333333333333,0.3010299956639812,0.0,1.0,1.0,1.0,1.0,0.0,1.0
75,1.0,1.0,1.0,1.0,1.0,0.6309297535714575,0.6309297535714575,0.6309297535714575,0.6309297535714575,1.0,1.0,1.0,1.0,1.0,0.6309297535714575,0.6309297535714575,0.6309297535714575,0.6309297535714575,1.0,1.0
94,0.0,0.0,0.0,0.0,0.0,0.0,0.0,0.0,0.0,0.0,0.0,0.0,0.0,0.0,0.0,0.0,1.0,1.0,0.0,0.0
99,0.0,0.0,0.0,0.0,0.0,0.0,0.0,0.0,0.0,0.38685280723454163,0.43067655807339306,0.38685280723454163,0.38685280723454163,0.38685280723454163,1.0,1.0,1.0,1.0,0.3868528072345416,0.2890648263178879
100,0.6309297535714575,1.0,1.0,1.0,1.0,1.0,1.0,1.0,1.0,1.0,1.0,1.0,1.0,1.0,1.0,1.0,1.0,1.0,1.0,1.0
113,1.0,1.0,1.0,1.0,1.0,1.0,1.0,1.0,1.0,1.0,1.0,1.0,1.0,1.0,1.0,1.0,1.0,1.0,1.0,1.0
115,0.0,0.0,1.0,1.0,1.0,0.0,1.0,1.0,1.0,1.0,1.0,1.0,1.0,1.0,1.0,1.0,1.0,1.0,1.0,1.0
118,1.0,1.0,1.0,1.0,1.0,1.0,1.0,1.0,1.0,1.0,1.0,1.0,1.0,1.0,1.0,1.0,1.0,1.0,1.0,1.0
124,1.0,1.0,1.0,1.0,1.0,1.0,1.0,1.0,1.0,1.0,1.0,1.0,1.0,1.0,1.0,1.0,1.0,1.0,1.0,1.0
127,1.0,1.0,1.0,1.0,1.0,1.0,1.0,1.0,1.0,1.0,1.0,1.0,1.0,1.0,1.0,1.0,1.0,1.0,1.0,1.0
128,0.0,0.0,0.0,0.0,0.0,0.0,0.0,0.0,0.0,0.0,0.0,0.0,0.0,0.0,0.0,0.0,0.0,0.0,0.0,0.0
129,1.0,1.0,1.0,1.0,1.0,1.0,1.0,1.0,1.0,1.0,1.0,1.0,1.0,1.0,1.0,1.0,1.0,1.0,1.0,1.0
130,1.0,1.0,1.0,1.0,1.0,1.0,1.0,1.0,1.0,1.0,1.0,1.0,1.0,1.0,1.0,1.0,1.0,1.0,1.0,1.0
132,0.0,0.0,0.0,0.0,0.0,0.0,0.0,0.0,0.0,0.0,0.0,0.0,0.0,0.0,0.0,0.0,0.0,0.0,0.0,0.0
133,0.48522855511632257,0.48522855511632257,0.48522855511632257,0.48522855511632257,0.48522855511632257,0.4703652827859579,0.4599715079731103,0.32097939710179135,0.41412294568879626,0.7198329954996533,0.6963212427055517,0.48522855511632257,0.48522855511632257,0.48522855511632257,0.7372449353281585,0.6904118169110937,0.2826335043946801,0.2530614822099702,0.4852285551163225,0.615733440277688
137,1.0,1.0,1.0,1.0,1.0,1.0,1.0,1.0,1.0,1.0,1.0,1.0,1.0,1.0,1.0,1.0,1.0,1.0,1.0,1.0
141,0.9197207891481876,1.0,1.0,1.0,1.0,0.9197207891481876,0.9197207891481876,0.9197207891481876,0.9197207891481876,1.0,1.0,1.0,1.0,1.0,0.9197207891481876,0.9197207891481876,0.8772153153380493,0.8772153153380493,1.0,1.0
142,1.0,1.0,1.0,1.0,1.0,1.0,1.0,1.0,1.0,1.0,1.0,1.0,1.0,1.0,1.0,1.0,1.0,1.0,1.0,0.6309297535714575
143,1.0,1.0,1.0,1.0,1.0,1.0,1.0,1.0,1.0,1.0,1.0,1.0,1.0,1.0,1.0,1.0,1.0,1.0,1.0,1.0
146,1.0,1.0,1.0,1.0,1.0,1.0,1.0,1.0,1.0,1.0,1.0,1.0,1.0,1.0,1.0,1.0,1.0,1.0,1.0,1.0
148,0.6309297535714575,1.0,1.0,1.0,1.0,1.0,1.0,1.0,1.0,0.6309297535714575,1.0,1.0,1.0,1.0,1.0,1.0,1.0,1.0,1.0,0.6309297535714575
163,1.0,1.0,1.0,1.0,1.0,1.0,1.0,1.0,1.0,0.6309297535714575,1.0,1.0,1.0,1.0,1.0,1.0,1.0,1.0,1.0,0.6309297535714575
171,1.0,1.0,1.0,1.0,1.0,1.0,1.0,1.0,1.0,1.0,1.0,1.0,1.0,1.0,1.0,1.0,1.0,1.0,1.0,1.0
179,0.9349366583346498,0.9279611693743142,0.9223260797603763,0.9223260797603763,0.9223260797603763,0.9828920819566879,0.9828920819566879,0.9828920819566879,0.9828920819566879,0.9709286432396583,0.9279611693743142,0.9223260797603763,0.9223260797603763,0.9223260797603763,0.9828920819566879,0.9828920819566879,0.9828920819566879,0.9828920819566879,0.9223260797603764,0.9709286432396584
180,0.6309297535714575,1.0,1.0,1.0,1.0,1.0,1.0,1.0,1.0,1.0,1.0,1.0,1.0,1.0,1.0,1.0,1.0,1.0,1.0,1.0
183,0.38685280723454163,0.6309297535714575,0.5,0.5,0.5,1.0,1.0,1.0,1.0,0.2890648263178879,0.6309297535714575,0.5,0.5,0.5,1.0,1.0,1.0,1.0,0.5,0.3010299956639812
185,0.0,0.0,0.0,0.0,0.0,0.0,0.0,1.0,1.0,0.38685280723454163,0.2890648263178879,0.0,0.0,0.0,1.0,1.0,1.0,1.0,0.0,0.3154648767857287
198,0.0,0.0,0.0,1.0,1.0,0.0,0.0,1.0,1.0,0.3333333333333333,1.0,1.0,1.0,1.0,1.0,1.0,1.0,1.0,1.0,0.0
208,1.0,1.0,1.0,1.0,1.0,1.0,1.0,1.0,1.0,1.0,1.0,1.0,1.0,1.0,1.0,1.0,1.0,1.0,1.0,1.0
212,0.3562071871080222,0.6309297535714575,0.6309297535714575,0.5,0.5,1.0,1.0,0.6309297535714575,0.6309297535714575,0.6309297535714575,0.6309297535714575,0.5,0.5,0.5,0.6309297535714575,0.6309297535714575,0.6309297535714575,0.6309297535714575,0.5,1.0
213,0.43067655807339306,0.3562071871080222,0.3333333333333333,0.3333333333333333,0.3333333333333333,0.38685280723454163,0.3562071871080222,0.3562071871080222,0.31546487678572877,0.31546487678572877,0.3333333333333333,0.3333333333333333,0.3333333333333333,0.3333333333333333,0.3333333333333333,0.31546487678572877,0.31546487678572877,0.3010299956639812,0.3333333333333333,0.3333333333333333
216,0.38685280723454163,1.0,1.0,1.0,1.0,1.0,1.0,1.0,1.0,1.0,1.0,1.0,1.0,1.0,1.0,1.0,1.0,1.0,1.0,1.0
217,1.0,1.0,1.0,1.0,1.0,1.0,1.0,1.0,1.0,1.0,1.0,1.0,1.0,1.0,1.0,1.0,1.0,1.0,1.0,1.0
218,1.0,1.0,1.0,1.0,1.0,1.0,1.0,1.0,1.0,1.0,1.0,1.0,1.0,1.0,1.0,1.0,1.0,1.0,1.0,1.0
219,1.0,1.0,1.0,1.0,1.0,1.0,1.0,1.0,1.0,1.0,1.0,1.0,1.0,1.0,1.0,1.0,1.0,1.0,1.0,1.0
230,0.0,0.0,0.0,0.0,1.0,0.0,0.0,0.0,1.0,1.0,1.0,1.0,1.0,1.0,1.0,1.0,1.0,1.0,1.0,1.0
232,0.6309297535714575,1.0,1.0,1.0,1.0,0.5,0.5,0.5,0.5,1.0,1.0,1.0,1.0,1.0,0.5,0.5,0.5,0.5,1.0,1.0
233,1.0,1.0,1.0,1.0,1.0,1.0,1.0,1.0,1.0,1.0,1.0,1.0,1.0,1.0,1.0,1.0,1.0,1.0,1.0,1.0
236,1.0,1.0,1.0,1.0,1.0,1.0,1.0,1.0,1.0,1.0,1.0,1.0,1.0,1.0,1.0,1.0,1.0,1.0,1.0,1.0
237,0.0,0.0,0.0,0.0,0.3562071871080222,0.0,0.0,0.0,0.6309297535714575,0.6309297535714575,0.38685280723454163,0.3562071871080222,0.3562071871080222,0.3562071871080222,0.6309297535714575,0.6309297535714575,0.6309297535714575,0.6309297535714575,0.3562071871080222,0.5
238,0.0,0.0,0.0,0.0,0.0,0.0,0.0,0.0,0.0,1.0,0.3562071871080222,0.31546487678572877,0.31546487678572877,0.3010299956639812,0.5,0.43067655807339306,0.3562071871080222,0.3333333333333333,0.3010299956639812,0.5
239,0.0,0.0,0.0,0.0,0.0,0.0,0.43067655807339306,0.3333333333333333,0.3333333333333333,0.0,0.0,0.0,0.0,0.0,0.0,0.38685280723454163,0.3333333333333333,0.31546487678572877,0.0,0.430676558073393
248,1.0,1.0,1.0,1.0,1.0,1.0,1.0,1.0,1.0,1.0,1.0,1.0,1.0,1.0,1.0,1.0,1.0,1.0,1.0,1.0
249,1.0,1.0,1.0,1.0,1.0,1.0,1.0,1.0,1.0,1.0,1.0,1.0,1.0,1.0,1.0,1.0,1.0,1.0,1.0,1.0
261,0.19342640361727081,0.21840743681816419,0.21840743681816419,0.21840743681816419,0.21840743681816419,0.23719771276929622,0.23719771276929622,0.23719771276929622,0.23719771276929622,0.20438239758848611,0.21840743681816419,0.21840743681816419,0.21840743681816419,0.21840743681816419,0.23719771276929622,0.23719771276929622,0.23719771276929622,0.23719771276929622,0.2184074368181641,0.2184074368181641
268,0.3333333333333333,1.0,1.0,1.0,1.0,1.0,1.0,1.0,1.0,1.0,1.0,1.0,1.0,1.0,1.0,1.0,1.0,1.0,1.0,0.6309297535714575
269,0.38685280723454163,1.0,1.0,1.0,1.0,1.0,1.0,1.0,1.0,0.6309297535714575,1.0,1.0,1.0,1.0,1.0,1.0,1.0,1.0,1.0,0.6309297535714575
274,1.0,1.0,1.0,1.0,1.0,1.0,1.0,1.0,1.0,1.0,1.0,1.0,1.0,1.0,1.0,1.0,1.0,1.0,1.0,1.0
275,0.8395700624665824,0.6787622294601761,0.5307212739772434,0.5307212739772434,0.5307212739772434,0.8385465274895063,0.7720911544214064,0.6257049680303419,0.6257049680303419,0.6713860725233041,0.5307212739772434,0.5307212739772434,0.5307212739772434,0.5307212739772434,0.6364391809889587,0.6364391809889587,0.6257049680303419,0.6257049680303419,0.5307212739772434,0.6364391809889587
279,1.0,1.0,1.0,1.0,1.0,1.0,1.0,1.0,1.0,1.0,1.0,1.0,1.0,1.0,1.0,1.0,1.0,1.0,1.0,1.0
294,0.0,0.0,0.0,0.0,0.0,0.0,0.0,0.0,0.0,0.3333333333333333,0.6309297535714575,0.6309297535714575,0.6309297535714575,0.6309297535714575,0.6309297535714575,0.6309297535714575,0.6309297535714575,0.6309297535714575,0.6309297535714575,0.2890648263178879
295,0.3333333333333333,1.0,1.0,1.0,1.0,1.0,1.0,1.0,1.0,0.3562071871080222,1.0,1.0,1.0,1.0,1.0,1.0,1.0,1.0,1.0,0.3154648767857287
298,1.0,1.0,1.0,1.0,1.0,0.6309297535714575,0.6309297535714575,0.6309297535714575,0.6309297535714575,1.0,1.0,1.0,1.0,1.0,0.6309297535714575,0.6309297535714575,0.6309297535714575,0.6309297535714575,1.0,1.0
300,0.0,0.0,0.0,0.0,0.0,0.0,0.0,0.0,0.0,0.38685280723454163,0.5,0.43067655807339306,0.43067655807339306,0.43067655807339306,0.5,0.5,0.43067655807339306,0.3562071871080222,0.430676558073393,0.2890648263178879
303,0.0,0.0,0.2890648263178879,0.0,0.0,0.0,0.43067655807339306,0.38685280723454163,0.3562071871080222,0.0,0.0,0.0,0.0,0.0,0.0,0.0,0.0,0.0,0.0,0.0
312,0.0,0.0,0.0,0.0,0.0,0.0,0.0,0.0,0.0,0.0,0.0,0.0,0.0,0.0,0.0,0.0,1.0,1.0,0.0,0.0
314,0.31546487678572877,0.6309297535714575,0.6309297535714575,0.5,0.43067655807339306,0.6309297535714575,0.6309297535714575,0.5,0.5,0.31546487678572877,0.43067655807339306,0.43067655807339306,0.43067655807339306,0.43067655807339306,0.5,0.5,0.5,0.5,0.430676558073393,0.0
324,0.0,0.0,0.0,0.0,0.0,0.0,0.0,0.0,0.0,0.0,0.0,0.0,0.0,0.0,0.0,0.0,0.0,0.0,0.0,0.0
327,1.0,1.0,1.0,1.0,1.0,1.0,1.0,1.0,1.0,1.0,1.0,1.0,1.0,1.0,1.0,1.0,1.0,1.0,1.0,1.0
338,1.0,1.0,1.0,1.0,1.0,1.0,1.0,1.0,1.0,1.0,1.0,1.0,1.0,1.0,1.0,1.0,1.0,1.0,1.0,1.0
343,0.6934264036172708,0.9197207891481876,0.9197207891481876,0.9197207891481876,0.9197207891481876,0.6509209298071326,0.5437713091520254,0.5437713091520254,0.5437713091520254,0.9197207891481876,0.9197207891481876,0.9197207891481876,0.9197207891481876,0.9197207891481876,0.6509209298071326,0.5437713091520254,0.5437713091520254,0.5437713091520254,0.9197207891481876,0.9197207891481876
350,1.0,1.0,1.0,1.0,1.0,1.0,1.0,1.0,1.0,1.0,1.0,1.0,1.0,1.0,1.0,1.0,1.0,1.0,1.0,1.0
354,1.0,1.0,1.0,1.0,1.0,1.0,1.0,1.0,1.0,1.0,1.0,1.0,1.0,1.0,1.0,1.0,1.0,1.0,1.0,1.0
362,1.0,0.6309297535714575,0.6309297535714575,0.6309297535714575,0.6309297535714575,1.0,1.0,1.0,1.0,1.0,0.6309297535714575,0.6309297535714575,0.6309297535714575,0.6309297535714575,1.0,1.0,1.0,1.0,0.6309297535714575,1.0
380,1.0,1.0,1.0,1.0,1.0,1.0,1.0,1.0,1.0,1.0,1.0,1.0,1.0,1.0,1.0,1.0,1.0,1.0,1.0,1.0
384,0.0,0.0,0.0,0.0,0.0,0.0,0.0,0.0,0.0,0.0,0.0,0.0,0.0,0.0,0.0,0.38685280723454163,0.3562071871080222,0.3562071871080222,0.0,0.0
385,0.3065735963827292,0.3065735963827292,0.5249810332008933,0.5249810332008933,0.5249810332008933,0.38685280723454163,0.6934264036172708,0.6934264036172708,0.6934264036172708,0.5,0.5437713091520254,0.5249810332008933,0.5249810332008933,0.5249810332008933,0.6934264036172708,0.6934264036172708,0.6934264036172708,0.6934264036172708,0.5249810332008933,0.0
386,1.0,1.0,1.0,1.0,1.0,1.0,1.0,1.0,1.0,1.0,1.0,1.0,1.0,1.0,1.0,1.0,1.0,1.0,1.0,1.0
388,0.0,0.0,0.0,0.0,1.0,0.0,0.0,0.0,0.43067655807339306,0.5,1.0,1.0,1.0,1.0,0.43067655807339306,0.43067655807339306,0.38685280723454163,0.38685280723454163,1.0,0.5
399,1.0,1.0,1.0,1.0,1.0,1.0,1.0,1.0,1.0,1.0,1.0,1.0,1.0,1.0,1.0,1.0,1.0,1.0,1.0,1.0
410,1.0,1.0,1.0,1.0,1.0,1.0,1.0,1.0,1.0,1.0,1.0,1.0,1.0,1.0,1.0,1.0,1.0,1.0,1.0,1.0
411,1.0,1.0,1.0,1.0,1.0,1.0,1.0,1.0,1.0,1.0,1.0,1.0,1.0,1.0,1.0,1.0,1.0,1.0,1.0,1.0
415,0.0,0.0,0.0,0.0,0.0,0.0,0.0,0.0,0.0,0.2890648263178879,0.2890648263178879,0.0,0.0,0.0,0.2890648263178879,0.0,0.0,0.0,0.0,0.3010299956639812
421,0.0,0.0,0.0,0.0,0.0,0.0,0.0,0.0,0.0,0.2890648263178879,0.2890648263178879,0.0,0.0,0.0,0.3333333333333333,0.2890648263178879,0.0,0.0,0.0,0.0
431,0.0,0.0,0.0,0.0,0.0,0.0,0.0,0.0,0.0,0.0,0.0,0.0,0.0,0.0,0.0,0.0,0.0,0.0,0.0,0.0
436,0.6309297535714575,1.0,1.0,1.0,1.0,1.0,1.0,1.0,1.0,1.0,1.0,1.0,1.0,1.0,1.0,1.0,1.0,1.0,1.0,1.0
437,0.0,0.0,0.0,0.0,0.0,0.0,0.0,0.0,0.0,0.0,0.0,0.0,0.0,0.0,0.0,0.0,0.0,0.0,0.0,0.0
439,1.0,1.0,1.0,1.0,1.0,1.0,1.0,1.0,1.0,1.0,1.0,1.0,1.0,1.0,1.0,1.0,1.0,1.0,1.0,1.0
440,1.0,1.0,1.0,1.0,1.0,1.0,1.0,1.0,1.0,1.0,1.0,1.0,1.0,1.0,1.0,1.0,1.0,1.0,1.0,1.0
443,1.0,1.0,1.0,1.0,1.0,1.0,1.0,1.0,1.0,1.0,1.0,1.0,1.0,1.0,1.0,1.0,1.0,1.0,1.0,1.0
452,0.0,0.0,0.0,0.0,0.0,0.0,0.0,0.0,0.0,0.38685280723454163,0.19342640361727081,0.0,0.0,0.0,0.2640681225725909,0.23719771276929622,0.39780880120575696,0.39780880120575696,0.0,0.3065735963827292
475,0.3010299956639812,0.38685280723454163,0.38685280723454163,0.38685280723454163,0.38685280723454163,0.3333333333333333,0.3010299956639812,0.0,0.0,0.38685280723454163,0.38685280723454163,0.38685280723454163,0.38685280723454163,0.38685280723454163,0.3333333333333333,0.2890648263178879,0.0,0.0,0.3868528072345416,0.0
478,0.0,0.0,0.0,0.0,0.0,0.0,0.0,0.0,0.0,0.5,0.3333333333333333,0.2890648263178879,0.0,0.0,1.0,0.6309297535714575,0.6309297535714575,0.6309297535714575,0.0,0.2890648263178879
491,0.6309297535714575,1.0,1.0,1.0,1.0,1.0,1.0,1.0,1.0,1.0,1.0,1.0,1.0,1.0,1.0,1.0,1.0,1.0,1.0,1.0
501,1.0,1.0,1.0,1.0,1.0,1.0,1.0,1.0,1.0,1.0,1.0,1.0,1.0,1.0,1.0,1.0,1.0,1.0,1.0,0.6309297535714575
502,0.0,0.0,0.0,0.0,0.0,0.0,0.0,0.0,0.0,0.0,0.0,0.0,0.0,0.0,0.0,0.0,0.0,0.0,0.0,0.0
507,0.5,0.6309297535714575,0.6309297535714575,0.6309297535714575,0.6309297535714575,0.6309297535714575,0.6309297535714575,0.6309297535714575,0.6309297535714575,0.6309297535714575,0.6309297535714575,0.6309297535714575,0.6309297535714575,0.6309297535714575,0.6309297535714575,0.6309297535714575,0.6309297535714575,0.6309297535714575,0.6309297535714575,0.6309297535714575
508,0.0,0.0,0.0,0.0,0.0,0.0,0.0,0.0,0.0,0.0,0.0,0.0,0.0,0.0,0.0,0.2890648263178879,0.0,0.0,0.0,0.0
513,1.0,0.6309297535714575,0.6309297535714575,0.6309297535714575,0.6309297535714575,0.5,0.43067655807339306,0.43067655807339306,0.43067655807339306,0.6309297535714575,0.6309297535714575,0.6309297535714575,0.6309297535714575,0.6309297535714575,0.6309297535714575,0.5,0.43067655807339306,0.43067655807339306,0.6309297535714575,0.6309297535714575
514,1.0,1.0,1.0,1.0,1.0,1.0,1.0,1.0,1.0,1.0,1.0,1.0,1.0,1.0,1.0,1.0,1.0,1.0,1.0,1.0
516,0.43067655807339306,1.0,1.0,1.0,1.0,1.0,1.0,1.0,1.0,1.0,1.0,1.0,1.0,1.0,1.0,1.0,1.0,1.0,1.0,1.0
517,0.0,0.0,0.0,0.0,0.0,0.0,0.0,0.0,0.0,0.0,0.0,0.0,0.0,0.0,0.0,0.38685280723454163,0.3562071871080222,0.3333333333333333,0.0,0.0
521,0.3010299956639812,0.5,0.5,0.5,0.5,1.0,1.0,1.0,1.0,0.38685280723454163,0.5,0.5,0.5,0.5,1.0,1.0,1.0,1.0,0.5,0.0
525,1.0,1.0,1.0,1.0,1.0,1.0,1.0,1.0,1.0,1.0,1.0,1.0,1.0,1.0,1.0,1.0,1.0,1.0,1.0,1.0
527,0.5,1.0,1.0,1.0,1.0,1.0,1.0,1.0,1.0,1.0,1.0,1.0,1.0,1.0,1.0,1.0,1.0,1.0,1.0,0.430676558073393
528,0.43067655807339306,1.0,1.0,1.0,1.0,1.0,1.0,1.0,1.0,1.0,1.0,1.0,1.0,1.0,1.0,1.0,1.0,1.0,1.0,1.0
532,0.6309297535714575,1.0,1.0,1.0,1.0,1.0,1.0,1.0,1.0,1.0,1.0,1.0,1.0,1.0,1.0,1.0,1.0,1.0,1.0,1.0
533,1.0,1.0,1.0,1.0,1.0,1.0,1.0,1.0,1.0,1.0,1.0,1.0,1.0,1.0,1.0,1.0,1.0,1.0,1.0,0.6309297535714575
535,0.0,0.0,0.0,0.0,0.0,0.0,0.31546487678572877,0.0,0.0,0.0,0.0,0.0,0.0,0.0,0.0,0.0,0.0,0.0,0.0,0.0
536,1.0,1.0,1.0,1.0,1.0,1.0,1.0,1.0,1.0,1.0,1.0,1.0,1.0,1.0,1.0,1.0,1.0,1.0,1.0,1.0
539,1.0,1.0,1.0,1.0,1.0,1.0,1.0,1.0,1.0,1.0,1.0,1.0,1.0,1.0,1.0,1.0,1.0,1.0,1.0,1.0
540,0.38685280723454163,0.38685280723454163,0.38685280723454163,0.38685280723454163,0.38685280723454163,0.3065735963827292,0.2640681225725909,0.20438239758848611,0.20438239758848611,0.6131471927654584,0.38685280723454163,0.38685280723454163,0.38685280723454163,0.38685280723454163,0.23719771276929622,0.23719771276929622,0.20438239758848611,0.20438239758848611,0.3868528072345416,0.6131471927654584
544,0.0,0.0,0.0,0.3562071871080222,0.3333333333333333,0.0,0.0,0.0,0.0,0.31546487678572877,0.3562071871080222,0.3333333333333333,0.3333333333333333,0.3333333333333333,0.2890648263178879,0.0,0.0,0.0,0.3333333333333333,0.3868528072345416
549,0.43067655807339306,1.0,1.0,1.0,1.0,1.0,1.0,1.0,1.0,0.6309297535714575,1.0,1.0,1.0,1.0,1.0,1.0,1.0,1.0,1.0,0.430676558073393
551,0.43067655807339306,0.5,0.5,0.5,0.5,0.5,0.5,0.5,0.5,0.5,0.5,0.5,0.5,0.5,0.5,0.5,0.5,0.5,0.5,0.430676558073393
552,1.0,1.0,1.0,1.0,1.0,1.0,1.0,1.0,1.0,1.0,1.0,1.0,1.0,1.0,1.0,1.0,1.0,1.0,1.0,1.0
554,0.3010299956639812,0.5,0.43067655807339306,0.38685280723454163,0.38685280723454163,0.6309297535714575,0.5,0.38685280723454163,0.3562071871080222,0.5,0.38685280723454163,0.38685280723454163,0.38685280723454163,0.38685280723454163,0.43067655807339306,0.3333333333333333,0.31546487678572877,0.31546487678572877,0.3868528072345416,0.430676558073393
560,0.0,0.0,0.0,0.0,0.0,0.0,0.0,0.0,0.0,0.0,0.0,0.0,0.0,0.0,0.0,0.0,0.0,0.0,0.0,0.0
569,0.5,1.0,1.0,1.0,1.0,1.0,1.0,1.0,1.0,1.0,1.0,1.0,1.0,1.0,1.0,1.0,1.0,1.0,1.0,1.0
575,1.0,1.0,1.0,1.0,1.0,0.43067655807339306,0.43067655807339306,0.38685280723454163,0.3562071871080222,1.0,1.0,1.0,1.0,1.0,0.5,0.38685280723454163,0.3333333333333333,0.3010299956639812,1.0,1.0
577,0.5,0.5,0.5,0.5,0.5,0.43067655807339306,0.43067655807339306,0.31546487678572877,0.31546487678572877,0.3562071871080222,0.5,0.5,0.5,0.5,0.38685280723454163,0.38685280723454163,0.31546487678572877,0.31546487678572877,0.5,0.5
578,1.0,1.0,1.0,1.0,1.0,1.0,1.0,1.0,1.0,1.0,1.0,1.0,1.0,1.0,1.0,1.0,1.0,1.0,1.0,1.0
587,0.38685280723454163,0.6309297535714575,0.6309297535714575,0.6309297535714575,0.6309297535714575,0.5,0.5,0.5,0.5,1.0,0.6309297535714575,0.6309297535714575,0.6309297535714575,0.6309297535714575,0.5,0.5,0.5,0.43067655807339306,0.6309297535714575,0.6309297535714575
589,1.0,1.0,1.0,1.0,1.0,1.0,1.0,1.0,1.0,1.0,1.0,1.0,1.0,1.0,1.0,1.0,1.0,1.0,1.0,1.0
593,1.0,1.0,1.0,1.0,1.0,1.0,1.0,1.0,1.0,1.0,1.0,1.0,1.0,1.0,1.0,1.0,1.0,1.0,1.0,1.0
597,0.4776237035032179,0.7039180890341347,0.9060254355346823,0.9060254355346823,0.9060254355346823,0.7653606369886217,1.0,1.0,1.0,0.9060254355346823,0.9060254355346823,0.9060254355346823,0.9060254355346823,0.9060254355346823,1.0,1.0,1.0,1.0,0.9060254355346824,0.9060254355346824
598,1.0,1.0,1.0,1.0,1.0,0.43067655807339306,0.38685280723454163,0.3562071871080222,0.3562071871080222,0.43067655807339306,1.0,1.0,1.0,1.0,0.3562071871080222,0.3562071871080222,0.3562071871080222,0.3562071871080222,1.0,0.3562071871080222
613,1.0,1.0,1.0,1.0,1.0,1.0,1.0,1.0,1.0,1.0,1.0,1.0,1.0,1.0,1.0,1.0,1.0,1.0,1.0,1.0
619,0.0,0.0,0.6131471927654584,0.6131471927654584,0.6131471927654584,0.0,0.3065735963827292,0.2640681225725909,0.21840743681816419,0.0,0.0,0.6131471927654584,0.6131471927654584,0.6131471927654584,0.0,0.38685280723454163,0.2640681225725909,0.2640681225725909,0.6131471927654584,0.0
623,0.3562071871080222,0.3333333333333333,0.31546487678572877,0.31546487678572877,0.31546487678572877,0.3010299956639812,0.0,0.0,0.0,0.0,0.0,0.31546487678572877,0.31546487678572877,0.31546487678572877,0.0,0.0,0.0,0.0,0.3154648767857287,0.2890648263178879
628,1.0,1.0,1.0,1.0,1.0,1.0,1.0,1.0,1.0,1.0,1.0,1.0,1.0,1.0,1.0,1.0,1.0,1.0,1.0,1.0
636,1.0,1.0,1.0,1.0,1.0,0.6309297535714575,0.6309297535714575,0.6309297535714575,0.6309297535714575,1.0,1.0,1.0,1.0,1.0,0.6309297535714575,0.6309297535714575,0.6309297535714575,0.6309297535714575,1.0,1.0
637,0.2890648263178879,0.43067655807339306,0.3562071871080222,0.3562071871080222,0.3333333333333333,0.6309297535714575,0.6309297535714575,0.6309297535714575,0.6309297535714575,0.5,0.3333333333333333,0.3333333333333333,0.3333333333333333,0.3333333333333333,0.6309297535714575,0.6309297535714575,0.6309297535714575,0.6309297535714575,0.3333333333333333,0.3868528072345416
641,0.8772153153380493,0.9197207891481876,0.9197207891481876,0.8772153153380493,0.8772153153380493,0.8503449055347546,0.8503449055347546,0.8315546295836225,0.8175295903539445,0.8772153153380493,0.8772153153380493,0.8772153153380493,0.8772153153380493,0.8772153153380493,0.8315546295836225,0.8175295903539445,0.8175295903539445,0.8065735963827293,0.8772153153380493,0.9197207891481876
644,0.6309297535714575,1.0,1.0,1.0,1.0,1.0,1.0,1.0,1.0,0.3562071871080222,1.0,1.0,1.0,1.0,1.0,1.0,1.0,1.0,1.0,0.3333333333333333
649,0.3562071871080222,1.0,1.0,0.5,0.5,1.0,1.0,0.6309297535714575,0.43067655807339306,1.0,0.5,0.5,0.5,0.5,0.6309297535714575,0.6309297535714575,0.5,0.43067655807339306,0.5,1.0
659,0.0,0.0,0.0,0.0,0.0,0.0,0.0,0.0,0.0,0.0,0.0,0.0,0.0,0.0,0.0,0.0,1.0,1.0,0.0,0.0
660,0.0,0.0,0.0,0.0,0.0,0.0,0.0,0.0,0.0,0.0,0.0,0.0,0.0,0.0,0.0,0.0,0.0,0.0,0.0,0.0
674,0.43067655807339306,0.6309297535714575,0.6309297535714575,0.6309297535714575,0.6309297535714575,1.0,1.0,1.0,1.0,0.5,0.6309297535714575,0.6309297535714575,0.6309297535714575,0.6309297535714575,1.0,1.0,1.0,1.0,0.6309297535714575,0.5
684,0.0,0.0,0.0,0.5,0.5,0.0,0.0,0.6309297535714575,0.6309297535714575,0.5,0.5,0.5,0.5,0.5,0.6309297535714575,0.6309297535714575,0.6309297535714575,0.6309297535714575,0.5,0.5
690,1.0,1.0,1.0,1.0,1.0,1.0,1.0,1.0,1.0,1.0,1.0,1.0,1.0,1.0,1.0,1.0,1.0,1.0,1.0,1.0
691,0.0,0.0,0.0,1.0,1.0,0.0,0.0,1.0,1.0,1.0,1.0,1.0,1.0,1.0,1.0,1.0,1.0,1.0,1.0,1.0
692,0.43067655807339306,1.0,1.0,1.0,1.0,1.0,1.0,1.0,1.0,0.3010299956639812,1.0,1.0,1.0,1.0,1.0,1.0,1.0,1.0,1.0,0.0
693,1.0,1.0,1.0,1.0,1.0,1.0,1.0,1.0,1.0,1.0,1.0,1.0,1.0,1.0,1.0,1.0,1.0,1.0,1.0,1.0
700,0.0,0.0,0.6309297535714575,0.6309297535714575,0.6309297535714575,0.0,0.6309297535714575,0.6309297535714575,0.6309297535714575,0.6309297535714575,0.6309297535714575,0.6309297535714575,0.6309297535714575,0.6309297535714575,0.6309297535714575,0.6309297535714575,0.6309297535714575,0.6309297535714575,0.6309297535714575,0.6309297535714575
702,0.0,0.0,0.0,0.38685280723454163,0.38685280723454163,0.0,0.0,0.6309297535714575,0.6309297535714575,0.5,0.38685280723454163,0.38685280723454163,0.38685280723454163,0.38685280723454163,0.6309297535714575,0.6309297535714575,0.6309297535714575,0.6309297535714575,0.3868528072345416,0.6309297535714575
715,0.0,0.0,0.3010299956639812,0.2890648263178879,0.2890648263178879,0.0,0.6309297535714575,0.6309297535714575,0.6309297535714575,0.0,0.0,0.2890648263178879,0.2890648263178879,0.2890648263178879,0.0,0.6309297535714575,0.6309297535714575,0.6309297535714575,0.2890648263178879,0.0
716,0.0,0.0,0.0,0.0,0.0,0.0,0.0,0.0,0.0,0.0,0.0,0.0,0.0,0.0,0.0,0.0,0.0,0.0,0.0,0.0
718,0.6309297535714575,1.0,1.0,1.0,1.0,1.0,1.0,1.0,1.0,1.0,1.0,1.0,1.0,1.0,1.0,1.0,1.0,1.0,1.0,1.0
721,0.43067655807339306,1.0,1.0,1.0,1.0,1.0,1.0,1.0,1.0,1.0,1.0,1.0,1.0,1.0,1.0,1.0,1.0,1.0,1.0,1.0
723,1.0,1.0,1.0,1.0,1.0,1.0,1.0,1.0,1.0,1.0,1.0,1.0,1.0,1.0,1.0,1.0,1.0,1.0,1.0,1.0
727,0.0,0.0,0.0,0.0,0.0,0.0,0.0,0.0,0.43067655807339306,0.0,0.0,0.31546487678572877,0.0,0.0,0.0,0.38685280723454163,0.3562071871080222,0.3333333333333333,0.0,0.0
728,0.6131471927654584,0.6131471927654584,0.6131471927654584,0.8175295903539445,0.8065735963827293,0.6131471927654584,0.6131471927654584,0.9197207891481876,0.8772153153380493,0.6131471927654584,0.6131471927654584,0.8175295903539445,0.7903864795495061,0.7903864795495061,0.6131471927654584,0.8503449055347546,0.8315546295836225,0.8315546295836225,0.7903864795495061,0.6131471927654584
729,0.3562071871080222,1.0,1.0,1.0,1.0,1.0,1.0,1.0,1.0,1.0,1.0,1.0,1.0,1.0,1.0,1.0,1.0,1.0,1.0,0.6309297535714575
742,0.0,0.0,0.0,1.0,1.0,0.0,0.0,1.0,1.0,1.0,1.0,1.0,1.0,1.0,1.0,1.0,1.0,1.0,1.0,1.0
743,0.0,0.0,0.0,0.0,1.0,0.0,0.0,0.0,1.0,1.0,1.0,1.0,1.0,1.0,1.0,1.0,1.0,1.0,1.0,1.0
744,0.5,0.5,0.5,0.5,0.5,0.5,0.5,0.5,0.5,0.5,0.5,0.5,0.5,0.5,0.5,0.5,0.5,0.5,0.5,0.5
756,0.43067655807339306,0.5,0.5,0.5,0.5,0.5,0.5,0.5,0.5,0.6309297535714575,0.5,0.5,0.5,0.5,0.5,0.5,0.5,0.5,0.5,0.6309297535714575
759,1.0,1.0,1.0,1.0,1.0,1.0,1.0,1.0,1.0,1.0,1.0,1.0,1.0,1.0,1.0,1.0,1.0,1.0,1.0,1.0
768,0.0,0.0,0.0,0.0,0.43067655807339306,0.0,0.0,0.0,0.5,0.0,0.0,0.0,0.0,0.0,0.0,0.0,0.0,0.0,0.430676558073393,0.0
770,1.0,1.0,1.0,1.0,1.0,1.0,1.0,1.0,1.0,1.0,1.0,1.0,1.0,1.0,1.0,1.0,1.0,1.0,1.0,1.0
775,0.0,0.0,0.0,0.0,0.0,0.0,0.0,0.2890648263178879,0.0,0.0,0.0,0.0,0.0,0.0,0.0,0.0,0.0,0.0,0.0,0.0
781,1.0,1.0,1.0,1.0,1.0,0.6309297535714575,0.6309297535714575,0.6309297535714575,0.6309297535714575,1.0,1.0,1.0,1.0,1.0,0.6309297535714575,0.6309297535714575,0.6309297535714575,0.6309297535714575,1.0,1.0
783,0.0,0.0,0.0,0.0,0.0,0.0,0.0,0.31546487678572877,0.2890648263178879,0.0,0.0,0.0,0.0,0.0,0.0,0.31546487678572877,0.0,0.0,0.0,0.0
784,1.0,1.0,1.0,1.0,1.0,1.0,1.0,1.0,1.0,0.6309297535714575,1.0,1.0,1.0,1.0,1.0,1.0,1.0,1.0,1.0,0.5
785,0.0,0.0,0.0,0.0,0.0,0.0,0.0,0.0,0.0,0.0,0.0,0.0,0.0,0.0,0.0,0.0,0.0,0.43067655807339306,0.0,0.0
793,0.0,0.0,0.0,0.0,1.0,0.0,0.0,0.0,1.0,1.0,1.0,1.0,1.0,1.0,1.0,1.0,1.0,1.0,1.0,0.6309297535714575
800,0.38685280723454163,1.0,1.0,1.0,1.0,0.43067655807339306,0.43067655807339306,0.43067655807339306,0.43067655807339306,0.6309297535714575,1.0,1.0,1.0,1.0,0.43067655807339306,0.43067655807339306,0.43067655807339306,0.43067655807339306,1.0,0.5
805,1.0,1.0,1.0,1.0,1.0,1.0,1.0,1.0,1.0,1.0,1.0,1.0,1.0,1.0,1.0,1.0,1.0,1.0,1.0,1.0
808,0.0,0.0,0.0,1.0,1.0,0.0,0.0,1.0,1.0,1.0,1.0,1.0,1.0,1.0,1.0,1.0,1.0,1.0,1.0,1.0
811,1.0,1.0,1.0,1.0,1.0,1.0,1.0,1.0,1.0,1.0,1.0,1.0,1.0,1.0,1.0,1.0,1.0,1.0,1.0,1.0
814,1.0,1.0,1.0,1.0,1.0,1.0,1.0,1.0,1.0,1.0,1.0,1.0,1.0,1.0,1.0,1.0,1.0,1.0,1.0,1.0
820,0.0,0.0,0.0,0.0,0.0,0.0,0.0,0.0,0.0,0.0,0.0,0.0,0.0,0.0,0.0,0.0,0.0,0.0,0.0,0.0
821,0.0,0.0,0.0,0.0,0.0,0.0,0.0,0.0,0.0,0.0,0.0,0.0,0.0,0.0,0.0,0.0,0.0,0.0,0.0,0.0
823,1.0,1.0,1.0,1.0,1.0,1.0,1.0,1.0,1.0,1.0,1.0,1.0,1.0,1.0,1.0,1.0,1.0,1.0,1.0,1.0
830,0.0,0.0,0.0,0.0,0.0,0.0,0.0,0.0,0.0,0.0,0.0,0.0,0.0,0.0,0.0,0.0,0.0,0.0,0.0,0.0
831,0.0,0.0,0.0,0.0,0.0,0.0,0.0,0.0,0.0,0.0,0.0,0.0,0.0,0.0,0.0,0.0,0.0,0.0,0.0,0.0
832,1.0,1.0,1.0,1.0,1.0,1.0,1.0,1.0,1.0,1.0,1.0,1.0,1.0,1.0,1.0,1.0,1.0,1.0,1.0,1.0
834,0.0,0.0,0.0,0.0,0.0,0.0,0.0,0.0,0.0,0.0,0.0,0.0,0.0,0.0,0.0,0.0,0.0,0.0,0.0,0.0
837,0.3562071871080222,1.0,1.0,1.0,1.0,1.0,1.0,1.0,1.0,1.0,1.0,1.0,1.0,1.0,1.0,1.0,1.0,1.0,1.0,1.0
839,0.5,0.6309297535714575,0.6309297535714575,0.6309297535714575,0.6309297535714575,1.0,1.0,1.0,1.0,0.6309297535714575,0.6309297535714575,0.6309297535714575,0.6309297535714575,0.6309297535714575,1.0,1.0,1.0,1.0,0.6309297535714575,0.6309297535714575
845,0.5,0.43067655807339306,0.43067655807339306,0.43067655807339306,0.43067655807339306,1.0,1.0,1.0,1.0,0.38685280723454163,0.43067655807339306,0.43067655807339306,0.43067655807339306,0.43067655807339306,1.0,1.0,1.0,1.0,0.430676558073393,0.3868528072345416
847,0.6309297535714575,0.6309297535714575,0.6309297535714575,0.6309297535714575,0.6309297535714575,1.0,1.0,1.0,1.0,0.6309297535714575,0.6309297535714575,0.6309297535714575,0.6309297535714575,0.6309297535714575,1.0,1.0,1.0,1.0,0.6309297535714575,0.6309297535714575
852,0.38685280723454163,0.43067655807339306,0.43067655807339306,0.43067655807339306,0.43067655807339306,1.0,1.0,1.0,1.0,0.5,0.43067655807339306,0.43067655807339306,0.43067655807339306,0.43067655807339306,1.0,1.0,1.0,1.0,0.430676558073393,0.5
859,0.6309297535714575,0.5,0.5,0.5,0.5,0.6309297535714575,0.6309297535714575,0.6309297535714575,0.6309297535714575,0.6309297535714575,0.6309297535714575,0.6309297535714575,0.5,0.5,0.6309297535714575,0.6309297535714575,0.6309297535714575,0.6309297535714575,0.5,0.6309297535714575
870,0.0,0.0,0.0,0.0,0.0,0.0,0.3333333333333333,0.3333333333333333,0.0,0.0,0.0,0.0,0.0,0.0,0.0,0.0,0.3010299956639812,0.2890648263178879,0.0,0.0
873,0.3156484524795145,0.4412576003965278,0.3391602052736161,0.5087403079104241,0.5087403079104241,0.5087403079104241,0.48522855511632257,0.6843515475204855,0.6843515475204855,0.46704774694449785,0.6295516106099184,0.6295516106099184,0.6295516106099184,0.6295516106099184,0.6739577727076379,0.6601396023754075,0.7823908333518426,0.6739577727076379,0.6295516106099184,0.4966197691292076
879,0.38685280723454163,1.0,1.0,1.0,1.0,1.0,1.0,1.0,1.0,1.0,1.0,1.0,1.0,1.0,1.0,1.0,1.0,1.0,1.0,1.0
880,1.0,1.0,1.0,1.0,1.0,1.0,1.0,1.0,1.0,1.0,1.0,1.0,1.0,1.0,1.0,1.0,1.0,1.0,1.0,1.0
882,0.6309297535714575,1.0,1.0,1.0,1.0,1.0,1.0,1.0,1.0,1.0,1.0,1.0,1.0,1.0,1.0,1.0,1.0,1.0,1.0,1.0
887,0.0,0.0,0.0,0.0,0.0,0.0,0.0,0.0,0.0,0.0,0.0,0.0,0.0,0.0,0.0,0.0,0.0,0.0,0.0,0.0
903,1.0,1.0,1.0,1.0,1.0,1.0,1.0,1.0,1.0,1.0,1.0,1.0,1.0,1.0,1.0,1.0,1.0,1.0,1.0,1.0
904,1.0,1.0,1.0,1.0,1.0,1.0,1.0,1.0,1.0,1.0,1.0,1.0,1.0,1.0,1.0,1.0,1.0,1.0,1.0,1.0
907,1.0,1.0,1.0,1.0,1.0,1.0,1.0,1.0,1.0,1.0,1.0,1.0,1.0,1.0,1.0,1.0,1.0,1.0,1.0,1.0
911,1.0,1.0,1.0,1.0,1.0,1.0,1.0,1.0,1.0,1.0,1.0,1.0,1.0,1.0,1.0,1.0,1.0,1.0,1.0,1.0
913,0.0,0.0,0.0,0.0,0.0,0.0,0.0,0.0,0.0,0.0,0.0,0.0,0.0,0.0,0.0,0.0,0.0,0.0,0.0,0.0
914,0.0,0.0,0.0,0.0,0.0,0.0,0.0,0.0,0.0,0.0,0.0,0.0,0.0,0.0,0.0,0.0,0.0,0.0,0.0,0.0
921,1.0,1.0,1.0,1.0,1.0,1.0,1.0,1.0,1.0,1.0,1.0,1.0,1.0,1.0,1.0,1.0,1.0,1.0,1.0,1.0
922,1.0,1.0,1.0,1.0,1.0,1.0,1.0,1.0,1.0,1.0,1.0,1.0,1.0,1.0,1.0,1.0,1.0,1.0,1.0,1.0
936,1.0,1.0,1.0,1.0,1.0,1.0,1.0,1.0,1.0,1.0,1.0,1.0,1.0,1.0,1.0,1.0,1.0,1.0,1.0,1.0
956,0.0,0.0,1.0,1.0,1.0,0.0,0.5,0.5,0.43067655807339306,1.0,1.0,1.0,1.0,1.0,0.43067655807339306,0.43067655807339306,0.43067655807339306,0.43067655807339306,1.0,0.6309297535714575
957,1.0,1.0,1.0,1.0,1.0,1.0,1.0,1.0,1.0,1.0,1.0,1.0,1.0,1.0,1.0,1.0,1.0,1.0,1.0,1.0
960,1.0,1.0,1.0,1.0,1.0,1.0,1.0,1.0,1.0,1.0,1.0,1.0,1.0,1.0,1.0,1.0,1.0,1.0,1.0,1.0
967,0.8772153153380493,1.0,1.0,1.0,1.0,1.0,1.0,1.0,1.0,1.0,1.0,1.0,1.0,1.0,1.0,1.0,1.0,1.0,1.0,1.0
971,0.9493885684853097,0.9558295932317544,0.9558295932317544,0.9558295932317544,0.9558295932317544,0.7606395682357036,0.7606395682357036,0.7606395682357036,0.7606395682357036,0.7486761295186739,0.9558295932317544,0.9558295932317544,0.9558295932317544,0.9558295932317544,0.7606395682357036,0.7606395682357036,0.7606395682357036,0.7606395682357036,0.9558295932317544,0.7397466333385988
975,0.0,0.0,0.0,0.0,0.0,0.0,0.0,0.0,0.0,0.0,0.0,0.0,0.0,0.0,0.0,0.0,0.0,0.0,0.0,0.0
982,1.0,1.0,1.0,1.0,1.0,1.0,1.0,1.0,1.0,1.0,1.0,1.0,1.0,1.0,1.0,1.0,1.0,1.0,1.0,1.0
985,0.6309297535714575,1.0,1.0,1.0,1.0,1.0,1.0,1.0,1.0,1.0,1.0,1.0,1.0,1.0,1.0,1.0,1.0,1.0,1.0,1.0
993,1.0,1.0,1.0,1.0,1.0,1.0,1.0,1.0,1.0,1.0,1.0,1.0,1.0,1.0,1.0,1.0,1.0,1.0,1.0,1.0
1012,1.0,1.0,1.0,1.0,1.0,1.0,1.0,1.0,1.0,1.0,1.0,1.0,1.0,1.0,1.0,1.0,1.0,1.0,1.0,1.0
1014,0.38685280723454163,1.0,1.0,1.0,1.0,1.0,1.0,1.0,1.0,1.0,1.0,1.0,1.0,1.0,1.0,1.0,1.0,1.0,1.0,1.0
1019,0.0,0.0,0.0,0.6309297535714575,0.6309297535714575,0.0,0.0,0.6309297535714575,0.6309297535714575,0.6309297535714575,0.6309297535714575,0.6309297535714575,0.6309297535714575,0.6309297535714575,0.6309297535714575,0.6309297535714575,0.6309297535714575,0.6309297535714575,0.6309297535714575,0.6309297535714575
1020,0.6309297535714575,0.6309297535714575,0.6309297535714575,0.6309297535714575,0.6309297535714575,0.6309297535714575,0.6309297535714575,0.6309297535714575,0.6309297535714575,0.6309297535714575,0.6309297535714575,0.6309297535714575,0.6309297535714575,0.6309297535714575,0.6309297535714575,0.6309297535714575,0.6309297535714575,0.6309297535714575,0.6309297535714575,0.6309297535714575
1021,0.6309297535714575,0.6309297535714575,0.6309297535714575,0.6309297535714575,0.6309297535714575,0.6309297535714575,0.6309297535714575,0.6309297535714575,0.6309297535714575,0.6309297535714575,0.6309297535714575,0.6309297535714575,0.6309297535714575,0.6309297535714575,0.6309297535714575,0.6309297535714575,0.6309297535714575,0.6309297535714575,0.6309297535714575,0.6309297535714575
1024,0.0,0.0,0.0,0.6309297535714575,0.6309297535714575,0.0,0.0,1.0,1.0,0.6309297535714575,1.0,0.6309297535714575,0.6309297535714575,0.6309297535714575,1.0,1.0,1.0,1.0,0.6309297535714575,0.6309297535714575
1029,0.7039180890341347,0.7039180890341347,0.8710785440003369,0.8710785440003369,0.8710785440003369,0.7653606369886217,1.0,1.0,1.0,0.7653606369886217,0.7039180890341347,0.8710785440003369,0.8710785440003369,0.8710785440003369,0.7653606369886217,1.0,1.0,1.0,0.8710785440003369,0.7653606369886217
1041,0.4227898344066503,0.4227898344066503,0.4227898344066503,0.4227898344066503,0.4227898344066503,0.45749452618986164,0.44130740935663865,0.44130740935663865,0.44130740935663865,0.23719771276929622,0.21840743681816419,0.4227898344066503,0.4227898344066503,0.4227898344066503,0.19342640361727081,0.44130740935663865,0.2640681225725909,0.2640681225725909,0.4227898344066503,0.2371977127692962
1049,0.43067655807339306,0.5,0.5,0.43067655807339306,0.43067655807339306,0.6309297535714575,0.6309297535714575,0.5,0.5,0.43067655807339306,0.43067655807339306,0.43067655807339306,0.43067655807339306,0.43067655807339306,0.5,0.5,0.43067655807339306,0.43067655807339306,0.430676558073393,0.430676558073393
1062,1.0,1.0,1.0,1.0,1.0,1.0,1.0,1.0,1.0,1.0,1.0,1.0,1.0,1.0,1.0,1.0,1.0,1.0,1.0,1.0
1086,1.0,1.0,1.0,1.0,1.0,1.0,1.0,1.0,1.0,1.0,1.0,1.0,1.0,1.0,1.0,1.0,1.0,1.0,1.0,1.0
1088,1.0,1.0,1.0,1.0,1.0,1.0,1.0,0.6309297535714575,0.6309297535714575,1.0,1.0,1.0,1.0,1.0,0.6309297535714575,0.6309297535714575,0.6309297535714575,0.6309297535714575,1.0,1.0
1089,1.0,1.0,1.0,1.0,1.0,1.0,1.0,1.0,1.0,1.0,1.0,1.0,1.0,1.0,1.0,1.0,1.0,1.0,1.0,1.0
1099,0.0,0.0,0.0,0.0,0.0,0.0,0.0,0.0,0.0,0.43067655807339306,0.38685280723454163,0.38685280723454163,0.38685280723454163,0.38685280723454163,0.3562071871080222,0.3333333333333333,0.3333333333333333,0.3333333333333333,0.3868528072345416,0.3333333333333333
1100,0.0,0.0,0.5,0.5,0.5,0.0,1.0,1.0,1.0,0.5,0.5,0.5,0.5,0.5,1.0,1.0,1.0,1.0,0.5,0.430676558073393
1104,1.0,1.0,1.0,1.0,1.0,1.0,1.0,1.0,1.0,1.0,1.0,1.0,1.0,1.0,1.0,1.0,1.0,1.0,1.0,1.0
1107,1.0,1.0,1.0,1.0,1.0,1.0,1.0,1.0,1.0,0.5,1.0,1.0,1.0,1.0,1.0,1.0,1.0,1.0,1.0,0.5
1110,0.0,0.0,0.0,0.0,0.0,0.0,0.0,0.0,0.0,0.0,0.0,0.0,0.0,0.0,0.0,0.0,0.0,0.0,0.0,0.0
1121,0.3010299956639812,0.5,0.5,0.5,0.5,1.0,1.0,1.0,1.0,0.5,0.5,0.5,0.5,0.5,1.0,1.0,1.0,1.0,0.5,0.6309297535714575
1130,1.0,1.0,1.0,1.0,1.0,1.0,1.0,1.0,1.0,1.0,1.0,1.0,1.0,1.0,1.0,1.0,1.0,1.0,1.0,1.0
1132,0.38685280723454163,0.6131471927654584,0.6131471927654584,0.6131471927654584,0.6131471927654584,0.6131471927654584,0.6131471927654584,0.38685280723454163,0.38685280723454163,0.6131471927654584,0.6131471927654584,0.6131471927654584,0.6131471927654584,0.6131471927654584,0.38685280723454163,0.38685280723454163,0.38685280723454163,0.38685280723454163,0.6131471927654584,0.6131471927654584
1137,0.0,0.0,1.0,1.0,1.0,0.0,1.0,1.0,1.0,1.0,1.0,1.0,1.0,1.0,1.0,1.0,1.0,1.0,1.0,0.6309297535714575
1140,1.0,1.0,1.0,1.0,1.0,1.0,1.0,1.0,1.0,1.0,1.0,1.0,1.0,1.0,1.0,1.0,1.0,1.0,1.0,0.5
1144,1.0,1.0,1.0,1.0,1.0,1.0,1.0,1.0,1.0,1.0,1.0,1.0,1.0,1.0,1.0,1.0,1.0,1.0,1.0,1.0
1146,1.0,1.0,1.0,1.0,1.0,1.0,1.0,1.0,1.0,1.0,1.0,1.0,1.0,1.0,1.0,1.0,1.0,1.0,1.0,1.0
1150,1.0,1.0,1.0,1.0,1.0,1.0,1.0,1.0,1.0,1.0,1.0,1.0,1.0,1.0,1.0,1.0,1.0,1.0,1.0,1.0
1163,1.0,1.0,1.0,1.0,1.0,1.0,1.0,1.0,1.0,1.0,1.0,1.0,1.0,1.0,1.0,1.0,1.0,1.0,1.0,1.0
1175,0.0,0.0,0.0,0.0,0.0,0.0,0.0,0.0,0.0,0.0,0.0,0.0,0.0,0.0,0.0,0.0,0.0,0.0,0.0,0.0
1179,0.0,0.0,0.0,0.0,0.0,0.0,0.0,0.0,0.0,0.0,0.0,0.0,0.0,0.0,0.0,0.0,0.0,0.0,0.0,0.0
1180,0.6309297535714575,1.0,1.0,1.0,1.0,1.0,0.6309297535714575,0.6309297535714575,0.6309297535714575,1.0,1.0,1.0,1.0,1.0,0.6309297535714575,0.6309297535714575,0.6309297535714575,0.6309297535714575,1.0,1.0
1185,1.0,1.0,1.0,1.0,1.0,1.0,1.0,1.0,1.0,1.0,1.0,1.0,1.0,1.0,1.0,1.0,1.0,1.0,1.0,1.0
1187,0.6309297535714575,0.6309297535714575,0.6309297535714575,0.6309297535714575,0.6309297535714575,1.0,1.0,1.0,1.0,0.6309297535714575,0.6309297535714575,0.6309297535714575,0.6309297535714575,0.6309297535714575,1.0,1.0,1.0,1.0,0.6309297535714575,0.6309297535714575
1191,0.0,0.0,0.0,0.5,0.38685280723454163,0.0,0.0,0.31546487678572877,0.0,0.0,0.0,0.31546487678572877,0.2890648263178879,0.2890648263178879,0.0,0.2890648263178879,0.0,0.0,0.2890648263178879,0.0
1194,1.0,1.0,1.0,1.0,1.0,1.0,1.0,1.0,1.0,1.0,1.0,1.0,1.0,1.0,1.0,1.0,1.0,1.0,1.0,1.0
1196,0.0,0.0,0.0,0.0,0.0,0.0,0.0,0.0,0.6309297535714575,0.5,0.3562071871080222,0.0,0.0,0.0,0.6309297535714575,0.6309297535714575,0.6309297535714575,0.6309297535714575,0.0,0.5
1197,0.0,0.0,0.0,0.43067655807339306,0.43067655807339306,0.0,0.0,0.5,0.5,0.5,0.43067655807339306,0.43067655807339306,0.43067655807339306,0.43067655807339306,0.5,0.5,0.5,0.5,0.430676558073393,0.5
1199,0.0,0.0,0.0,0.0,0.0,0.0,0.0,0.0,0.0,0.0,0.0,0.0,0.0,0.0,0.0,0.0,0.0,0.0,0.0,0.0
1200,0.0,0.0,0.0,0.0,0.0,0.0,0.0,0.0,0.5,0.2890648263178879,0.3333333333333333,0.2890648263178879,0.0,0.0,0.6309297535714575,0.6309297535714575,0.5,0.43067655807339306,0.0,0.0
1202,0.0,0.0,1.0,1.0,1.0,0.0,1.0,1.0,1.0,1.0,1.0,1.0,1.0,1.0,1.0,1.0,1.0,1.0,1.0,1.0
1204,0.0,0.0,1.0,1.0,1.0,0.0,1.0,1.0,1.0,1.0,1.0,1.0,1.0,1.0,1.0,1.0,0.6309297535714575,0.6309297535714575,1.0,1.0
1207,1.0,1.0,1.0,1.0,1.0,1.0,1.0,1.0,1.0,1.0,1.0,1.0,1.0,1.0,1.0,1.0,1.0,1.0,1.0,1.0
1213,0.0,0.0,0.0,0.0,0.0,0.0,0.0,0.0,0.0,0.0,0.0,0.0,0.0,0.0,0.0,0.0,0.0,0.0,0.0,0.0
1216,1.0,1.0,1.0,1.0,1.0,1.0,1.0,1.0,1.0,1.0,1.0,1.0,1.0,1.0,1.0,1.0,1.0,1.0,1.0,1.0
1221,0.0,0.0,0.0,1.0,1.0,0.0,0.0,1.0,1.0,1.0,1.0,1.0,1.0,1.0,1.0,1.0,1.0,1.0,1.0,1.0
1225,0.5,1.0,1.0,1.0,1.0,1.0,1.0,1.0,1.0,1.0,1.0,1.0,1.0,1.0,1.0,1.0,1.0,1.0,1.0,1.0
1226,0.31546487678572877,0.2890648263178879,0.0,0.0,0.0,0.5,0.43067655807339306,0.38685280723454163,0.3562071871080222,0.0,0.0,0.0,0.0,0.0,0.0,0.0,0.0,0.0,0.0,0.0
1232,1.0,1.0,1.0,1.0,1.0,1.0,1.0,1.0,1.0,1.0,1.0,1.0,1.0,1.0,1.0,1.0,1.0,1.0,1.0,1.0
1241,1.0,1.0,1.0,1.0,1.0,1.0,1.0,1.0,1.0,1.0,1.0,1.0,1.0,1.0,1.0,1.0,1.0,1.0,1.0,1.0
1245,0.6309297535714575,0.6309297535714575,0.6309297535714575,0.43067655807339306,0.38685280723454163,1.0,1.0,0.6309297535714575,0.6309297535714575,0.43067655807339306,0.38685280723454163,0.38685280723454163,0.38685280723454163,0.38685280723454163,0.6309297535714575,0.6309297535714575,0.5,0.5,0.3868528072345416,0.3868528072345416
1259,0.6309297535714575,1.0,1.0,1.0,1.0,1.0,1.0,1.0,1.0,1.0,1.0,1.0,1.0,1.0,1.0,1.0,1.0,1.0,1.0,1.0
1262,1.0,1.0,1.0,1.0,1.0,1.0,1.0,1.0,1.0,1.0,1.0,1.0,1.0,1.0,1.0,1.0,1.0,1.0,1.0,1.0
1266,1.0,0.43067655807339306,0.43067655807339306,0.43067655807339306,0.43067655807339306,1.0,1.0,1.0,1.0,0.5,0.43067655807339306,0.43067655807339306,0.43067655807339306,0.43067655807339306,1.0,1.0,1.0,1.0,0.430676558073393,0.5
1270,1.0,1.0,1.0,1.0,1.0,1.0,1.0,1.0,1.0,1.0,1.0,1.0,1.0,1.0,1.0,1.0,1.0,1.0,1.0,1.0
1271,1.0,1.0,1.0,1.0,1.0,1.0,1.0,1.0,1.0,1.0,1.0,1.0,1.0,1.0,1.0,1.0,1.0,1.0,1.0,1.0
1272,0.0,0.0,0.0,0.0,0.38685280723454163,0.0,0.0,0.0,1.0,0.3562071871080222,0.43067655807339306,0.43067655807339306,0.3562071871080222,0.3562071871080222,1.0,1.0,0.6309297535714575,0.6309297535714575,0.3562071871080222,0.0
1273,1.0,1.0,1.0,1.0,1.0,1.0,1.0,1.0,1.0,1.0,1.0,1.0,1.0,1.0,1.0,1.0,1.0,1.0,1.0,1.0
1274,0.6508205185601091,0.6508205185601091,0.8072467605676945,0.8072467605676945,0.8072467605676945,0.7039180890341347,0.9060254355346823,0.9060254355346823,0.9060254355346823,0.8072467605676945,0.8072467605676945,0.8072467605676945,0.8072467605676945,0.8072467605676945,0.9060254355346823,0.9060254355346823,0.9060254355346823,0.9060254355346823,0.8072467605676945,0.8179809735263114
1278,0.3562071871080222,0.6309297535714575,0.6309297535714575,0.6309297535714575,0.6309297535714575,0.6309297535714575,0.3333333333333333,0.0,0.0,0.2890648263178879,0.6309297535714575,0.6309297535714575,0.6309297535714575,0.6309297535714575,0.3333333333333333,0.2890648263178879,0.0,0.0,0.6309297535714575,0.0
1279,0.43067655807339306,1.0,1.0,1.0,1.0,0.6309297535714575,0.6309297535714575,0.3333333333333333,0.2890648263178879,0.5,1.0,1.0,1.0,1.0,0.5,0.3562071871080222,0.3010299956639812,0.0,1.0,0.5
1280,0.38685280723454163,0.38685280723454163,0.3562071871080222,0.3333333333333333,0.3333333333333333,0.43067655807339306,0.43067655807339306,0.38685280723454163,0.3562071871080222,0.0,0.0,0.0,0.0,0.3333333333333333,0.0,0.0,0.0,0.3333333333333333,0.3333333333333333,0.0
1281,0.0,0.0,0.0,0.0,0.0,0.0,0.0,0.0,0.0,0.0,0.0,0.0,0.0,0.0,0.0,0.0,0.0,0.0,0.0,0.0
1282,1.0,1.0,1.0,1.0,1.0,1.0,1.0,1.0,1.0,1.0,1.0,1.0,1.0,1.0,1.0,1.0,1.0,1.0,1.0,1.0
1290,1.0,1.0,1.0,1.0,1.0,1.0,1.0,1.0,1.0,1.0,1.0,1.0,1.0,1.0,1.0,1.0,1.0,1.0,1.0,1.0
1292,0.0,0.0,0.0,0.0,0.0,0.0,0.0,0.0,0.0,1.0,1.0,1.0,1.0,1.0,1.0,1.0,1.0,1.0,1.0,1.0
1298,1.0,1.0,1.0,1.0,1.0,1.0,1.0,1.0,1.0,1.0,1.0,1.0,1.0,1.0,1.0,1.0,1.0,1.0,1.0,1.0
1303,0.3333333333333333,1.0,1.0,0.6309297535714575,0.6309297535714575,1.0,1.0,0.5,0.5,1.0,0.6309297535714575,0.6309297535714575,0.6309297535714575,0.6309297535714575,0.43067655807339306,0.38685280723454163,0.38685280723454163,0.3562071871080222,0.6309297535714575,1.0
1316,0.0,0.0,0.0,0.0,0.0,0.0,0.0,0.0,0.0,0.0,0.0,0.0,0.0,0.0,0.0,0.0,0.0,0.0,0.0,0.0
1319,0.6309297535714575,1.0,1.0,1.0,1.0,1.0,1.0,1.0,1.0,1.0,1.0,1.0,1.0,1.0,0.6309297535714575,0.6309297535714575,0.6309297535714575,0.6309297535714575,1.0,1.0
1320,0.43067655807339306,1.0,1.0,1.0,1.0,1.0,1.0,1.0,1.0,1.0,1.0,1.0,1.0,1.0,1.0,1.0,1.0,1.0,1.0,1.0
1332,0.0,0.0,0.0,0.0,0.0,0.0,0.0,0.0,0.0,0.0,0.0,0.0,0.0,0.0,0.0,0.0,0.0,0.0,0.0,0.0
1335,0.5,0.5,0.5,0.5,0.5,1.0,1.0,1.0,1.0,0.6309297535714575,0.5,0.5,0.5,0.5,1.0,1.0,1.0,1.0,0.5,0.5
1336,0.6309297535714575,0.5,0.5,0.5,0.5,1.0,1.0,1.0,1.0,0.6309297535714575,0.5,0.5,0.5,0.5,1.0,1.0,1.0,1.0,0.5,0.6309297535714575
1337,0.5,1.0,1.0,1.0,1.0,1.0,1.0,1.0,1.0,0.6309297535714575,1.0,1.0,1.0,1.0,1.0,1.0,1.0,1.0,1.0,0.5
1339,1.0,1.0,1.0,1.0,1.0,1.0,1.0,1.0,1.0,1.0,1.0,1.0,1.0,1.0,1.0,1.0,1.0,1.0,1.0,1.0
1344,1.0,0.6309297535714575,0.6309297535714575,0.6309297535714575,0.6309297535714575,0.6309297535714575,0.6309297535714575,0.6309297535714575,0.6309297535714575,0.6309297535714575,0.6309297535714575,0.6309297535714575,0.6309297535714575,0.6309297535714575,0.6309297535714575,0.6309297535714575,0.6309297535714575,0.6309297535714575,0.6309297535714575,0.6309297535714575
1352,1.0,1.0,1.0,1.0,1.0,1.0,1.0,1.0,1.0,1.0,1.0,1.0,1.0,1.0,1.0,1.0,1.0,1.0,1.0,1.0
1359,1.0,1.0,1.0,1.0,1.0,1.0,1.0,1.0,1.0,1.0,1.0,1.0,1.0,1.0,1.0,1.0,1.0,1.0,1.0,1.0
1362,0.0,0.0,0.0,0.0,0.0,0.0,0.0,0.0,0.0,0.0,0.0,0.0,0.0,0.0,0.0,0.0,0.0,0.0,0.0,0.0
1363,0.0,0.0,0.0,0.0,0.0,0.0,0.0,0.0,0.0,0.0,0.0,0.0,0.0,0.0,0.0,0.0,0.0,0.0,0.0,0.0
1368,0.3333333333333333,0.6309297535714575,0.6309297535714575,0.6309297535714575,0.6309297535714575,1.0,1.0,1.0,1.0,0.5,0.6309297535714575,0.6309297535714575,0.6309297535714575,0.6309297535714575,1.0,1.0,1.0,1.0,0.6309297535714575,0.6309297535714575
1370,0.38685280723454163,0.6309297535714575,0.6309297535714575,0.6309297535714575,0.6309297535714575,1.0,1.0,1.0,1.0,0.43067655807339306,0.6309297535714575,0.6309297535714575,0.6309297535714575,0.6309297535714575,1.0,1.0,1.0,1.0,0.6309297535714575,0.430676558073393
1379,0.9052181617170642,0.9058653015743079,0.9058653015743079,0.9058653015743079,0.9058653015743079,0.8927537907700456,0.8667163765466582,0.8667163765466582,0.8667163765466582,0.9279611693743142,0.9058653015743079,0.9058653015743079,0.9058653015743079,0.9058653015743079,0.8667163765466582,0.8667163765466582,0.8667163765466582,0.8667163765466582,0.905865301574308,0.9349366583346498
1382,1.0,1.0,1.0,1.0,1.0,1.0,1.0,1.0,1.0,0.6309297535714575,1.0,1.0,1.0,1.0,1.0,1.0,1.0,1.0,1.0,1.0
1385,0.0,0.0,0.0,1.0,1.0,0.0,0.0,1.0,1.0,1.0,1.0,1.0,1.0,1.0,1.0,1.0,1.0,1.0,1.0,1.0
1389,1.0,1.0,1.0,1.0,1.0,1.0,1.0,1.0,1.0,1.0,1.0,1.0,1.0,1.0,1.0,1.0,1.0,1.0,1.0,1.0
1395,0.0,0.0,1.0,1.0,1.0,0.0,0.6309297535714575,0.6309297535714575,0.5,1.0,1.0,1.0,1.0,1.0,0.6309297535714575,0.6309297535714575,0.5,0.5,1.0,1.0
