config,first_stage,reranker,depth,ndcg@10,ndcg@100,recall@10,recall@100,mrr@10,mrr@100,latency_first_ms,latency_rerank_ms,latency_total_ms,flops_first,flops_rerank,flops_total,storage_bytes,rerank_device
SMVE,SMVE,none,0,0.54709,0.58438,0.686,0.85733,0.51306,0.51975,86.65,0.0,86.65,3535453118.3839903,0.0,3535453118.3839903,92816200,-
SMVE + MaxSim @10,SMVE,MaxSim,10,0.61513,0.65241,0.686,0.85733,0.60307,0.60976,86.65,18.92,105.57,3535453118.3839903,208235014.82666665,3743688133.210657,3904345416,CPU
SMVE + MaxSim @20,SMVE,MaxSim,20,0.64719,0.67351,0.72756,0.85733,0.63282,0.63669,86.65,19.3,105.95,3535453118.3839903,418580507.3066667,3954033625.690657,3904345416,CPU
SMVE + MaxSim @50,SMVE,MaxSim,50,0.6735,0.69139,0.76989,0.85733,0.65332,0.65603,86.65,48.04,134.69,3535453118.3839903,1047216974.5066667,4582670092.890657,3904345416,CPU
SMVE + MaxSim @100,SMVE,MaxSim,100,0.68975,0.70486,0.79322,0.85733,0.66761,0.67036,86.65,82.04,168.69,3535453118.3839903,2092150449.4933333,5627603567.877323,3904345416,CPU
SMVE + cross-encoder @10,SMVE,cross-encoder,10,0.63162,0.66891,0.686,0.85733,0.62407,0.63076,86.65,836.43,923.08,3535453118.3839903,2651699666599.0933,2655235119717.477,1236111318,mps fp16
SMVE + cross-encoder @20,SMVE,cross-encoder,20,0.66873,0.69095,0.74267,0.85733,0.65307,0.65602,86.65,1642.35,1729.0,3535453118.3839903,5332316766668.2,5335852219786.584,1236111318,mps fp16
SMVE + cross-encoder @50,SMVE,cross-encoder,50,0.69192,0.70717,0.78389,0.85733,0.66774,0.67015,86.65,3744.59,3831.24,3535453118.3839903,13350938313299.506,13354473766417.89,1236111318,mps fp16
SMVE + cross-encoder @100,SMVE,cross-encoder,100,0.70988,0.72304,0.80622,0.85733,0.68381,0.6867,86.65,7490.84,7577.49,3535453118.3839903,26689863556022.527,26693399009140.91,1236111318,mps fp16
Dense + lexical,Dense + lexical,none,0,0.68422,0.70801,0.81744,0.92367,0.6512,0.65524,2.893,0.0,2.89,10614784.0,0.0,10614784.0,27277000,-
Dense + lexical + MaxSim @10,Dense + lexical,MaxSim,10,0.70323,0.72703,0.81744,0.92367,0.67696,0.681,2.893,5.11,8.0,10614784.0,191329327.78666666,201944111.78666666,3838806216,CPU
Dense + lexical + MaxSim @20,Dense + lexical,MaxSim,20,0.70158,0.72538,0.81722,0.92367,0.67555,0.67997,2.893,9.23,12.12,10614784.0,383315763.2,393930547.2,3838806216,CPU
Dense + lexical + MaxSim @50,Dense + lexical,MaxSim,50,0.69763,0.72331,0.80722,0.92367,0.67344,0.67806,2.893,23.32,26.21,10614784.0,961059525.9733334,971674309.9733334,3838806216,CPU
Dense + lexical + MaxSim @100,Dense + lexical,MaxSim,100,0.69769,0.72328,0.80722,0.92367,0.6735,0.6781,2.893,105.77,108.66,10614784.0,1927995084.8,1938609868.8,3838806216,CPU
Dense + lexical + cross-encoder @10,Dense + lexical,cross-encoder,10,0.72377,0.74756,0.81744,0.92367,0.70054,0.70458,2.893,836.64,839.53,10614784.0,2456536147373.64,2456546762157.64,1170572118,mps fp16
Dense + lexical + cross-encoder @20,Dense + lexical,cross-encoder,20,0.7305,0.74728,0.84356,0.92367,0.7011,0.70354,2.893,1641.65,1644.54,10614784.0,4928797096677.467,4928807711461.467,1170572118,mps fp16
Dense + lexical + cross-encoder @50,Dense + lexical,cross-encoder,50,0.72644,0.74738,0.83289,0.92367,0.69754,0.70125,2.893,3639.15,3642.04,10614784.0,12372573995536.113,12372584610320.113,1170572118,mps fp16
Dense + lexical + cross-encoder @100,Dense + lexical,cross-encoder,100,0.72596,0.74695,0.83556,0.92367,0.69649,0.70026,2.893,7118.75,7121.65,10614784.0,24820304327400.18,24820314942184.18,1170572118,mps fp16
