alpha,ndcg@10,ndcg@100,recall@10,recall@100,mrr@10,mrr@100
0.0,0.3164684925236355,0.2838606339641976,0.14899918611971458,0.28253357623956227,0.5213044867069635,0.5275886092290122
0.05,0.3205313985975324,0.28596859153589316,0.15176485511016033,0.28474007755488484,0.5230883581502777,0.5292522183198412
0.1,0.3241310824127086,0.2883905755747334,0.1526643680353876,0.2850522540775896,0.5306648975379626,0.5360519812708635
0.2,0.3275986308973089,0.2921552905908877,0.15235406466311044,0.2868706300379234,0.5375128998968008,0.5429474913588689
0.3,0.3287076933833223,0.29451155717090555,0.1512785601488112,0.2886319209929934,0.5419467787114846,0.5475316612885136
0.5,0.3324252250780701,0.29686303984677015,0.1568485216318656,0.2924964148230343,0.5495650891935723,0.5555276918638983
0.75,0.33264498485760213,0.29756840445257415,0.158051902067264,0.28976554999431026,0.5487284387439186,0.5549183108966474
1.0,0.3335403730030586,0.296990157875446,0.16120616372560703,0.28636823139741063,0.5539363113666519,0.5590589103750002
1.5,0.33023904428386786,0.2934911722330812,0.15848724290736085,0.28490106830108736,0.5535112290530246,0.5584063678025485
2.0,0.3283534490074404,0.28860060480020516,0.15842109726698836,0.27426657287290546,0.548999950857536,0.5543799670857408
