base,center,R,reps nDCG@10,single nDCG@10,Δ nDCG@10,reps R@100,single R@100
w=2048 k=8,False,2,0.39584,0.39475,0.0010900000000000354,0.73789,0.74244
w=2048 k=8,False,4,0.48009,0.48979,-0.009699999999999986,0.77522,0.79633
w=2048 k=8,False,8,0.50943,0.50421,0.005220000000000002,0.819,0.82167
w=2048 k=8,True,2,0.45319,0.45772,-0.004530000000000034,0.766,0.76
w=2048 k=8,True,4,0.50938,0.5009,0.008480000000000043,0.79133,0.80633
w=2048 k=8,True,8,0.52536,0.53106,-0.005699999999999927,0.848,0.833
w=2048 k=16,False,2,0.42819,0.43121,-0.003019999999999967,0.77733,0.77733
w=2048 k=16,False,4,0.50716,0.51356,-0.006399999999999961,0.82467,0.82633
w=2048 k=16,True,2,0.472,0.47383,-0.0018299999999999983,0.78167,0.79567
w=2048 k=16,True,4,0.50273,0.51262,-0.009889999999999954,0.80633,0.815
w=4096 k=8,False,2,0.4628,0.46587,-0.003070000000000017,0.73522,0.76022
w=4096 k=8,False,4,0.49371,0.48657,0.00713999999999998,0.80556,0.80833
w=4096 k=8,False,8,0.53763,0.53951,-0.0018799999999999928,0.84233,0.834
w=4096 k=8,True,2,0.47536,0.47017,0.005190000000000028,0.75833,0.76667
w=4096 k=8,True,4,0.50766,0.51847,-0.010809999999999986,0.82067,0.83233
w=4096 k=8,True,8,0.55665,0.55666,-1.0000000000065512e-05,0.84533,0.84633
w=4096 k=16,False,2,0.49398,0.48979,0.0041899999999999715,0.78133,0.79633
w=4096 k=16,False,4,0.51182,0.50421,0.007610000000000006,0.82233,0.82167
w=4096 k=16,True,2,0.50902,0.5009,0.008120000000000016,0.79467,0.80633
w=4096 k=16,True,4,0.52827,0.53106,-0.002789999999999959,0.83633,0.833
w=8192 k=8,False,2,0.4431,0.44775,-0.0046499999999999875,0.79133,0.77833
w=8192 k=8,False,4,0.50396,0.51101,-0.007050000000000001,0.84833,0.825
w=8192 k=8,False,8,0.5634,0.5553,0.008099999999999996,0.84633,0.84567
w=8192 k=8,True,2,0.48757,0.47624,0.011330000000000007,0.80133,0.788
w=8192 k=8,True,4,0.55687,0.54931,0.007560000000000011,0.83633,0.848
w=8192 k=8,True,8,0.56108,0.5719,-0.01081999999999994,0.87133,0.86467
w=8192 k=16,False,2,0.48018,0.48657,-0.006390000000000007,0.795,0.80833
w=8192 k=16,False,4,0.53766,0.53951,-0.0018500000000000183,0.835,0.834
w=8192 k=16,True,2,0.51352,0.51847,-0.00495000000000001,0.82567,0.83233
w=8192 k=16,True,4,0.55797,0.55666,0.0013099999999999223,0.84467,0.84633
