run,reps,k_sim,d_proj,center,seed,index_build_seconds,query_encode_seconds,scoring_seconds,online_seconds,single_query_latency_ms,index_bytes,dims,ndcg@1,ndcg@3,ndcg@5,ndcg@10,ndcg@20,ndcg@50,ndcg@100,recall@1,recall@3,recall@5,recall@10,recall@20,recall@50,recall@100,precision@1,precision@3,precision@5,precision@10,precision@20,precision@50,precision@100,mrr@1,mrr@3,mrr@5,mrr@10,mrr@20,mrr@50,mrr@100,map@1,map@3,map@5,map@10,map@20,map@50,map@100
r10_k4_p16_center_seed0,10,4,16,True,0,9.672,0.0119,0.0115,0.0234,3.047,53073920,2560,0.21333,0.26572,0.2871,0.31174,0.32883,0.35273,0.36344,0.19944,0.30439,0.35644,0.43128,0.49406,0.61028,0.67456,0.21333,0.11111,0.07933,0.04867,0.02833,0.014,0.00777,0.21333,0.26333,0.2765,0.28607,0.29002,0.29372,0.29447,0.19944,0.2454,0.2578,0.2678,0.27345,0.27753,0.27859
r10_k4_p16_seed0,10,4,16,False,0,9.308,0.01,0.0123,0.0223,2.484,53073920,2560,0.24,0.29525,0.31653,0.34414,0.36424,0.38154,0.3953,0.22622,0.32939,0.3805,0.46256,0.53917,0.62278,0.70478,0.24,0.12,0.08533,0.05233,0.03067,0.01433,0.0081,0.24,0.295,0.30667,0.31797,0.32315,0.3253,0.32649,0.22622,0.27536,0.28856,0.30066,0.30645,0.3096,0.3109
r10_k4_p32_center_seed0,10,4,32,True,0,10.568,0.0303,0.0304,0.0607,4.945,106147840,5120,0.30333,0.36753,0.39027,0.42103,0.43964,0.46094,0.47035,0.28106,0.41528,0.4725,0.56389,0.63456,0.73622,0.79233,0.30333,0.15222,0.106,0.064,0.03617,0.01673,0.00897,0.30333,0.36389,0.37639,0.38809,0.39284,0.39638,0.39721,0.28106,0.34083,0.35569,0.36925,0.37493,0.37878,0.37971
r10_k4_p32_seed0,10,4,32,False,0,10.741,0.0137,0.031,0.0447,4.358,106147840,5120,0.33,0.40129,0.42649,0.45008,0.47218,0.48728,0.49892,0.31667,0.45261,0.51217,0.57989,0.66333,0.73567,0.80567,0.33,0.16222,0.11333,0.06533,0.03767,0.01667,0.0091,0.33,0.39333,0.40667,0.41642,0.42198,0.42432,0.4253,0.31667,0.3764,0.39251,0.40298,0.4097,0.41249,0.41361
r10_k4_p8_center_seed0,10,4,8,True,0,9.683,0.0177,0.0069,0.0246,0.925,26536960,1280,0.12,0.16056,0.17741,0.20383,0.22303,0.24115,0.2583,0.10844,0.18956,0.23356,0.3095,0.38283,0.47089,0.57544,0.12,0.07,0.052,0.036,0.02183,0.01073,0.00653,0.12,0.15722,0.16739,0.17942,0.18495,0.1879,0.18924,0.10844,0.14511,0.15471,0.16587,0.17143,0.1745,0.17602
r10_k4_p8_seed0,10,4,8,False,0,9.953,0.0141,0.0058,0.0199,0.954,26536960,1280,0.14,0.19103,0.21271,0.23687,0.25384,0.27529,0.28497,0.13178,0.22872,0.27967,0.35244,0.41506,0.51783,0.57533,0.14,0.08111,0.06133,0.039,0.02367,0.01187,0.00663,0.14,0.185,0.19917,0.20944,0.21363,0.21706,0.21778,0.13178,0.174,0.18616,0.19601,0.20115,0.20499,0.20593
r10_k5_p16_center_seed0,10,5,16,True,0,10.764,0.0122,0.0269,0.0391,4.634,106147840,5120,0.30333,0.35018,0.36737,0.3883,0.40631,0.42187,0.43321,0.28022,0.38406,0.42933,0.49222,0.56122,0.63733,0.70678,0.30333,0.14333,0.098,0.05667,0.03217,0.0146,0.00803,0.30333,0.34944,0.35828,0.36647,0.37173,0.37416,0.37509,0.28022,0.32855,0.34066,0.34993,0.35489,0.35746,0.35849
r10_k5_p16_seed0,10,5,16,False,0,10.508,0.0378,0.0438,0.0816,4.741,106147840,5120,0.21667,0.27084,0.29597,0.31893,0.34109,0.36252,0.37675,0.20456,0.31217,0.37394,0.43794,0.52489,0.63267,0.71778,0.21667,0.11333,0.08333,0.05067,0.03,0.01427,0.0081,0.21667,0.265,0.2785,0.28747,0.29331,0.29659,0.29782,0.20456,0.25027,0.2652,0.27647,0.28267,0.28609,0.2874
r10_k5_p32_center_seed0,10,5,32,True,0,10.82,0.021,0.0583,0.0794,8.717,212295680,10240,0.31667,0.37803,0.40486,0.43029,0.45023,0.46438,0.47585,0.29778,0.42606,0.49256,0.56878,0.64489,0.71444,0.78289,0.31667,0.15444,0.10867,0.06433,0.0365,0.0162,0.00887,0.31667,0.37278,0.38794,0.39692,0.40236,0.4045,0.40543,0.29778,0.35338,0.36948,0.38083,0.38656,0.38889,0.39002
r10_k5_p32_seed0,10,5,32,False,0,10.325,0.012,0.0446,0.0567,8.074,212295680,10240,0.32667,0.3815,0.41142,0.44616,0.46223,0.47644,0.48666,0.30133,0.42606,0.50089,0.60183,0.66378,0.72944,0.79022,0.32667,0.15556,0.11067,0.067,0.037,0.01647,0.00897,0.32667,0.38222,0.39822,0.41212,0.41653,0.41868,0.41946,0.30133,0.35592,0.37435,0.39044,0.39498,0.39773,0.39873
r10_k5_p8_center_seed0,10,5,8,True,0,10.417,0.0229,0.0158,0.0387,2.443,53073920,2560,0.13333,0.1641,0.18997,0.2186,0.23379,0.25457,0.26724,0.12194,0.18639,0.25083,0.33678,0.39367,0.49678,0.57467,0.13333,0.07111,0.05733,0.03833,0.02317,0.0116,0.00667,0.13333,0.16167,0.177,0.18918,0.19302,0.19608,0.19707,0.12194,0.15083,0.16628,0.17832,0.18268,0.18605,0.18714
r10_k5_p8_seed0,10,5,8,False,0,10.022,0.0137,0.0054,0.0191,2.048,53073920,2560,0.16667,0.21937,0.23497,0.25487,0.26941,0.28788,0.30072,0.1625,0.25122,0.29122,0.34894,0.40506,0.49822,0.57511,0.16667,0.09333,0.06533,0.04,0.02317,0.01133,0.00657,0.16667,0.21333,0.22233,0.23019,0.23384,0.23658,0.23762,0.1625,0.20256,0.21222,0.221,0.22537,0.22832,0.22952
r10_k6_p16_center_seed0,10,6,16,True,0,12.347,0.0136,0.0707,0.0843,8.835,212295680,10240,0.28,0.32214,0.34814,0.36996,0.38791,0.40748,0.42485,0.26622,0.34994,0.41422,0.47783,0.546,0.64044,0.745,0.28,0.12889,0.09333,0.05433,0.03117,0.0146,0.00843,0.28,0.32222,0.33556,0.34387,0.34911,0.35212,0.35363,0.26622,0.30468,0.32087,0.33107,0.33619,0.3397,0.34131
r10_k6_p16_seed0,10,6,16,False,0,11.191,0.0133,0.0246,0.0379,9.007,212295680,10240,0.28667,0.31821,0.33544,0.35741,0.37945,0.40062,0.41533,0.27722,0.34028,0.38011,0.44344,0.52561,0.62878,0.71878,0.28667,0.12111,0.08333,0.04967,0.03,0.01433,0.00813,0.28667,0.31667,0.327,0.33626,0.3422,0.34538,0.34662,0.27722,0.30657,0.31678,0.32651,0.33298,0.33673,0.33801
r10_k6_p32_center_seed0,10,6,32,True,0,11.546,0.0221,0.1078,0.1299,9.797,424591360,20480,0.37,0.4346,0.45656,0.47502,0.49508,0.51614,0.52448,0.3515,0.47611,0.53361,0.58872,0.66539,0.76522,0.81522,0.37,0.17556,0.11933,0.06667,0.03783,0.0174,0.00923,0.37,0.42833,0.44167,0.44857,0.45349,0.45695,0.45772,0.3515,0.41065,0.42469,0.43276,0.43864,0.44264,0.44341
r10_k6_p32_seed0,10,6,32,False,0,11.789,0.0129,0.1213,0.1341,10.678,424591360,20480,0.35333,0.41608,0.43788,0.46752,0.48236,0.5036,0.51289,0.34094,0.46217,0.51461,0.60194,0.65872,0.76511,0.81922,0.35333,0.16778,0.11467,0.068,0.03733,0.01727,0.00933,0.35333,0.41,0.422,0.43322,0.43717,0.44036,0.44103,0.34094,0.39234,0.40636,0.41961,0.42382,0.42729,0.42823
r10_k6_p8_center_seed0,10,6,8,True,0,11.013,0.0313,0.022,0.0533,4.421,106147840,5120,0.14667,0.18388,0.21219,0.22889,0.2512,0.27879,0.2903,0.13778,0.21178,0.28094,0.33206,0.419,0.552,0.62,0.14667,0.07667,0.06267,0.03733,0.0235,0.01253,0.0071,0.14667,0.18056,0.19689,0.20368,0.2097,0.21404,0.21495,0.13778,0.16953,0.1859,0.19261,0.1988,0.20363,0.2047
r10_k6_p8_seed0,10,6,8,False,0,11.588,0.0117,0.0127,0.0244,3.765,106147840,5120,0.14333,0.17679,0.19381,0.2191,0.23934,0.26003,0.26922,0.13694,0.20028,0.24094,0.31772,0.39772,0.498,0.55411,0.14333,0.07333,0.05467,0.03633,0.02233,0.01127,0.00623,0.14333,0.17278,0.18344,0.19415,0.19956,0.20278,0.20353,0.13694,0.16458,0.17459,0.18491,0.19047,0.19413,0.19495
r20_k4_p16_center_seed0,20,4,16,True,0,10.96,0.0153,0.0263,0.0416,4.428,106147840,5120,0.31667,0.38539,0.40869,0.43217,0.45012,0.46943,0.47879,0.29372,0.43622,0.494,0.56422,0.63267,0.72456,0.78122,0.31667,0.16111,0.11067,0.06367,0.036,0.01653,0.00887,0.31667,0.38111,0.39344,0.4028,0.40707,0.4102,0.41099,0.29372,0.35807,0.3735,0.38359,0.38905,0.39258,0.39345
r20_k4_p16_seed0,20,4,16,False,0,9.97,0.0123,0.0102,0.0225,4.633,106147840,5120,0.36333,0.4171,0.45224,0.47949,0.49444,0.51003,0.52064,0.34139,0.45578,0.54022,0.62322,0.68056,0.75833,0.82178,0.36333,0.16667,0.12067,0.07033,0.0385,0.01707,0.0093,0.36333,0.415,0.43467,0.44477,0.44866,0.45107,0.45183,0.34139,0.39491,0.41691,0.42875,0.43299,0.43548,0.43648
r20_k4_p32_center_seed0,20,4,32,True,0,12.006,0.0229,0.0819,0.1048,8.378,212295680,10240,0.37667,0.44249,0.46306,0.4972,0.51293,0.52884,0.5364,0.35317,0.487,0.542,0.64322,0.70233,0.77689,0.82189,0.37667,0.18111,0.12067,0.07233,0.03967,0.01767,0.0093,0.37667,0.43611,0.44828,0.46171,0.46564,0.46825,0.46895,0.35317,0.4172,0.43066,0.44578,0.45064,0.45359,0.45433
r20_k4_p32_seed0,20,4,32,False,0,11.861,0.0172,0.0656,0.0828,7.825,212295680,10240,0.39667,0.44622,0.46968,0.49855,0.51804,0.53433,0.53886,0.37139,0.48317,0.54094,0.62822,0.70222,0.78278,0.80844,0.39667,0.17556,0.12,0.07067,0.0395,0.01753,0.0091,0.39667,0.44722,0.45939,0.46994,0.47528,0.47772,0.47813,0.37139,0.42383,0.43964,0.45201,0.45769,0.46046,0.46093
r20_k4_p8_center_seed0,20,4,8,True,0,11.217,0.0125,0.0119,0.0245,2.297,53073920,2560,0.23333,0.26953,0.29948,0.33011,0.34069,0.35799,0.37358,0.21539,0.29817,0.37272,0.46294,0.50261,0.58633,0.67878,0.23333,0.11,0.08333,0.05267,0.029,0.01367,0.0079,0.23333,0.26833,0.2875,0.29909,0.30146,0.30394,0.30528,0.21539,0.25215,0.2695,0.28309,0.28655,0.28956,0.29105
r20_k4_p8_seed0,20,4,8,False,0,10.007,0.0102,0.0071,0.0173,2.077,53073920,2560,0.27667,0.3027,0.31992,0.34206,0.36385,0.38584,0.3964,0.25594,0.32189,0.36656,0.43294,0.51511,0.62022,0.68433,0.27667,0.12,0.084,0.04967,0.02967,0.01433,0.0079,0.27667,0.30444,0.31494,0.32435,0.33031,0.33372,0.33453,0.25594,0.28759,0.29907,0.30837,0.31481,0.31876,0.31975
r20_k5_p16_center_seed0,20,5,16,True,0,13.509,0.0245,0.0777,0.1022,8.608,212295680,10240,0.33333,0.40349,0.42574,0.45497,0.46967,0.48569,0.49594,0.314,0.4505,0.50644,0.59167,0.64833,0.72511,0.78633,0.33333,0.16444,0.11267,0.067,0.03683,0.01653,0.00897,0.33333,0.39722,0.40839,0.42066,0.424,0.42657,0.42739,0.314,0.3786,0.39303,0.40587,0.41038,0.41319,0.4142
r20_k5_p16_seed0,20,5,16,False,0,12.343,0.0169,0.071,0.088,8.552,212295680,10240,0.37333,0.42895,0.4526,0.48223,0.49848,0.51372,0.51759,0.35456,0.46956,0.52956,0.61856,0.67678,0.75344,0.77589,0.37333,0.17,0.11533,0.06867,0.0385,0.01713,0.00887,0.37333,0.42556,0.43922,0.45105,0.45451,0.45665,0.45693,0.35456,0.40655,0.42105,0.43357,0.43911,0.4415,0.44191
r20_k5_p32_center_seed0,20,5,32,True,0,13.94,0.0187,0.1223,0.141,11.242,424591360,20480,0.37333,0.41949,0.45585,0.48415,0.50266,0.52237,0.52963,0.35011,0.45428,0.54161,0.62406,0.694,0.79122,0.834,0.37333,0.16444,0.12,0.07033,0.03933,0.01793,0.00947,0.37333,0.42111,0.44144,0.45197,0.45688,0.45979,0.46033,0.35011,0.39803,0.42063,0.43359,0.43918,0.44251,0.44326
r20_k5_p32_seed0,20,5,32,False,0,12.764,0.0208,0.18,0.2008,12.916,424591360,20480,0.39333,0.4413,0.46773,0.49499,0.51433,0.53042,0.53866,0.37083,0.47706,0.54189,0.62028,0.69344,0.774,0.82233,0.39333,0.17333,0.11933,0.07,0.03917,0.01747,0.00933,0.39333,0.43944,0.45444,0.4655,0.47085,0.47309,0.4737,0.37083,0.4208,0.43756,0.44969,0.45549,0.45813,0.45896
r20_k5_p8_center_seed0,20,5,8,True,0,11.873,0.0127,0.0283,0.041,3.982,106147840,5120,0.29667,0.33336,0.35983,0.37908,0.40457,0.4231,0.43471,0.2725,0.36361,0.43028,0.48761,0.58678,0.67522,0.74367,0.29667,0.13444,0.09533,0.05467,0.0325,0.015,0.00833,0.29667,0.33611,0.35044,0.35847,0.36556,0.3685,0.36946,0.2725,0.31417,0.33033,0.33875,0.34597,0.3493,0.35038
r20_k5_p8_seed0,20,5,8,False,0,11.459,0.0107,0.0108,0.0215,3.926,106147840,5120,0.25333,0.31629,0.3411,0.36451,0.38404,0.4046,0.41365,0.23844,0.36317,0.424,0.49178,0.56761,0.669,0.72344,0.25333,0.13111,0.09333,0.05467,0.03133,0.01487,0.008,0.25333,0.31056,0.32439,0.33448,0.33967,0.34266,0.34347,0.23844,0.29256,0.30798,0.31846,0.32416,0.32757,0.32844
r20_k6_p16_center_seed0,20,6,16,True,0,15.226,0.0213,0.12,0.1412,9.765,424591360,20480,0.34667,0.39801,0.4261,0.44683,0.46529,0.48505,0.49163,0.32244,0.43772,0.50728,0.57072,0.64333,0.738,0.778,0.34667,0.16111,0.114,0.06467,0.0365,0.01687,0.0089,0.34667,0.39833,0.41283,0.42022,0.42493,0.42797,0.42846,0.32244,0.37434,0.3926,0.40151,0.40661,0.41011,0.41069
r20_k6_p16_seed0,20,6,16,False,0,14.051,0.0162,0.1252,0.1414,10.086,424591360,20480,0.33333,0.38104,0.40214,0.42658,0.44528,0.46777,0.47887,0.31122,0.41928,0.47206,0.54144,0.61433,0.72344,0.78967,0.33333,0.15222,0.10467,0.06133,0.03483,0.0164,0.00897,0.33333,0.38333,0.39367,0.40259,0.40723,0.41093,0.41187,0.31122,0.35812,0.37176,0.38376,0.38907,0.39287,0.39391
r20_k6_p32_center_seed0,20,6,32,True,0,16.402,0.0244,0.2491,0.2735,16.367,849182720,40960,0.35,0.42317,0.45209,0.48274,0.50053,0.51503,0.52625,0.33039,0.47272,0.54461,0.63417,0.70233,0.77233,0.839,0.35,0.17444,0.122,0.07167,0.03983,0.01753,0.00947,0.35,0.41667,0.43183,0.4435,0.44809,0.45034,0.45141,0.33039,0.39681,0.41482,0.42917,0.43436,0.43695,0.43803
r20_k6_p32_seed0,20,6,32,False,0,14.275,0.0167,0.2263,0.243,16.627,849182720,40960,0.37,0.44501,0.47706,0.49745,0.51329,0.52975,0.53874,0.35539,0.49606,0.57394,0.6325,0.69278,0.77078,0.82467,0.37,0.18,0.12733,0.07133,0.03917,0.01747,0.00933,0.37,0.43778,0.45461,0.46207,0.46614,0.46891,0.46964,0.35539,0.41906,0.43886,0.44857,0.45336,0.45633,0.4572
r20_k6_p8_center_seed0,20,6,8,True,0,13.973,0.0176,0.064,0.0816,7.34,212295680,10240,0.28333,0.34469,0.36261,0.3863,0.40307,0.41951,0.43089,0.26428,0.39294,0.43972,0.51039,0.57456,0.65633,0.72522,0.28333,0.14556,0.09933,0.05867,0.03283,0.01507,0.00827,0.28333,0.33889,0.34939,0.35742,0.36222,0.36438,0.36535,0.26428,0.31861,0.33011,0.34078,0.34553,0.34841,0.34949
r20_k6_p8_seed0,20,6,8,False,0,13.495,0.015,0.0593,0.0744,7.588,212295680,10240,0.26333,0.3379,0.35057,0.36699,0.38522,0.40682,0.41943,0.24522,0.38783,0.42072,0.47,0.539,0.644,0.72067,0.26333,0.14222,0.09467,0.05367,0.03083,0.01467,0.00817,0.26333,0.33,0.33767,0.34435,0.34942,0.35271,0.35374,0.24522,0.31219,0.32099,0.32754,0.33295,0.33681,0.33794
r40_k4_p16_center_seed0,40,4,16,True,0,14.322,0.028,0.0725,0.1006,8.332,212295680,10240,0.37333,0.42513,0.46221,0.48775,0.50249,0.51843,0.53001,0.34606,0.46128,0.55583,0.63056,0.6865,0.76356,0.83267,0.37333,0.17222,0.12467,0.071,0.03883,0.01733,0.00947,0.37333,0.42444,0.44494,0.4557,0.45941,0.46176,0.46265,0.34606,0.40128,0.4244,0.4356,0.44014,0.44305,0.4442
r40_k4_p16_seed0,40,4,16,False,0,11.972,0.0173,0.0271,0.0444,8.27,212295680,10240,0.39333,0.44694,0.46708,0.49332,0.51117,0.53166,0.53939,0.368,0.48544,0.53694,0.61472,0.683,0.78311,0.82978,0.39333,0.17889,0.12133,0.06967,0.03883,0.01773,0.00937,0.39333,0.44444,0.45511,0.46565,0.4701,0.47338,0.47406,0.368,0.42318,0.43735,0.44902,0.45434,0.45789,0.4586
r40_k4_p32_center_seed0,40,4,32,True,0,14.815,0.035,0.1208,0.1558,10.007,424591360,20480,0.41,0.46978,0.49922,0.52831,0.54632,0.55719,0.56621,0.3805,0.51628,0.59083,0.67928,0.74733,0.80178,0.854,0.41,0.18778,0.132,0.076,0.042,0.01807,0.00967,0.41,0.46944,0.48411,0.49494,0.49996,0.50136,0.50208,0.3805,0.44189,0.461,0.47386,0.47911,0.4809,0.48185
r40_k4_p32_seed0,40,4,32,False,0,13.734,0.0285,0.1155,0.144,9.901,424591360,20480,0.44333,0.50243,0.52995,0.553,0.56966,0.58312,0.59132,0.4165,0.54406,0.61433,0.68194,0.74456,0.80911,0.858,0.44333,0.2,0.13533,0.076,0.04183,0.01827,0.0097,0.44333,0.5,0.516,0.52465,0.52912,0.53109,0.53176,0.4165,0.47674,0.49446,0.5051,0.51004,0.5125,0.51329
r40_k4_p8_center_seed0,40,4,8,True,0,13.312,0.025,0.0463,0.0714,4.314,106147840,5120,0.33,0.37447,0.40603,0.43165,0.45268,0.47227,0.4825,0.30483,0.41094,0.48883,0.56461,0.64622,0.74189,0.80189,0.33,0.15111,0.11,0.06433,0.03683,0.01693,0.00913,0.33,0.37556,0.39206,0.40192,0.40714,0.41013,0.41109,0.30483,0.35243,0.37203,0.38346,0.38953,0.39289,0.39389
r40_k4_p8_seed0,40,4,8,False,0,12.623,0.0129,0.0213,0.0342,3.944,106147840,5120,0.36333,0.3979,0.42352,0.45214,0.47732,0.49055,0.50179,0.34039,0.423,0.48822,0.57489,0.67067,0.73411,0.80033,0.36333,0.15667,0.10933,0.06467,0.038,0.01667,0.00913,0.36333,0.40111,0.41578,0.42659,0.4327,0.43485,0.43577,0.34039,0.37933,0.39527,0.40766,0.41545,0.41776,0.41885
r40_k5_p16_center_seed0,40,5,16,True,0,16.039,0.0346,0.1139,0.1486,10.064,424591360,20480,0.38333,0.44444,0.46407,0.49697,0.51749,0.52893,0.53798,0.35967,0.48572,0.53972,0.639,0.71622,0.77456,0.82789,0.38333,0.18222,0.12067,0.072,0.04067,0.01747,0.00933,0.38333,0.43778,0.44978,0.46226,0.46732,0.46911,0.46993,0.35967,0.42008,0.43248,0.44703,0.45348,0.45522,0.45609
r40_k5_p16_seed0,40,5,16,False,0,15.815,0.0238,0.1121,0.1359,9.542,424591360,20480,0.39,0.46057,0.48216,0.50482,0.5236,0.53873,0.54507,0.36522,0.511,0.56239,0.62961,0.70344,0.77678,0.81456,0.39,0.18556,0.12667,0.07133,0.03983,0.0176,0.00923,0.39,0.455,0.4655,0.47443,0.47904,0.48146,0.48199,0.36522,0.433,0.44846,0.45877,0.46412,0.46671,0.4673
r40_k5_p32_center_seed0,40,5,32,True,0,16.826,0.0352,0.2144,0.2496,16.72,849182720,40960,0.42,0.4755,0.50142,0.52892,0.55016,0.56406,0.57203,0.39078,0.51739,0.58528,0.66817,0.74956,0.81689,0.86467,0.42,0.19,0.13067,0.07533,0.04233,0.0184,0.00977,0.42,0.47444,0.48744,0.49764,0.50349,0.50568,0.50626,0.39078,0.44944,0.46644,0.47877,0.48496,0.48745,0.4882
r40_k5_p32_seed0,40,5,32,False,0,16.681,0.0315,0.2402,0.2717,17.186,849182720,40960,0.43,0.49657,0.51824,0.54381,0.56251,0.57881,0.58632,0.40217,0.54739,0.6025,0.6765,0.74744,0.82644,0.86933,0.43,0.2,0.13533,0.07633,0.04217,0.01867,0.00987,0.43,0.49333,0.50367,0.51381,0.51891,0.52137,0.52202,0.40217,0.46769,0.48268,0.49478,0.50045,0.50332,0.50413
r40_k5_p8_center_seed0,40,5,8,True,0,16.115,0.033,0.0747,0.1077,8.478,212295680,10240,0.34333,0.39302,0.41334,0.45739,0.47305,0.49317,0.5024,0.31694,0.43189,0.48078,0.60972,0.67083,0.76844,0.824,0.34333,0.15778,0.10867,0.069,0.03783,0.0174,0.00933,0.34333,0.39611,0.40511,0.42313,0.42724,0.43039,0.43108,0.31694,0.36963,0.3837,0.40324,0.40766,0.41116,0.41205
r40_k5_p8_seed0,40,5,8,False,0,14.292,0.0183,0.0304,0.0487,7.76,212295680,10240,0.37667,0.4199,0.44512,0.47193,0.48923,0.50964,0.51774,0.3505,0.458,0.52328,0.60489,0.66933,0.76522,0.81189,0.37667,0.16778,0.116,0.06767,0.03767,0.01727,0.00917,0.37667,0.42222,0.43539,0.44547,0.4499,0.45321,0.45398,0.3505,0.39587,0.41202,0.42324,0.42874,0.43269,0.43352
r40_k6_p16_center_seed0,40,6,16,True,0,21.838,0.0331,0.2379,0.2711,17.244,849182720,40960,0.42,0.4731,0.50276,0.53127,0.54556,0.5593,0.56512,0.39411,0.51506,0.58861,0.675,0.72944,0.79622,0.83089,0.42,0.18889,0.132,0.076,0.04117,0.018,0.00943,0.42,0.47222,0.48739,0.4981,0.50157,0.50372,0.50411,0.39411,0.44849,0.46743,0.48017,0.48451,0.4869,0.48746
r40_k6_p16_seed0,40,6,16,False,0,21.262,0.0294,0.2425,0.2718,17.112,849182720,40960,0.38667,0.4586,0.48715,0.51174,0.52548,0.54099,0.54939,0.36428,0.51256,0.58617,0.65767,0.70933,0.78344,0.833,0.38667,0.18667,0.12867,0.074,0.03983,0.01773,0.00947,0.38667,0.45222,0.46856,0.4775,0.48126,0.48358,0.4842,0.36428,0.42926,0.44666,0.45811,0.46226,0.46504,0.4659
r40_k6_p32_center_seed0,40,6,32,True,0,23.19,0.0452,0.5042,0.5494,32.043,1698365440,81920,0.42,0.47609,0.5153,0.54403,0.55878,0.57248,0.57823,0.38994,0.51611,0.6125,0.69667,0.75289,0.819,0.853,0.42,0.19111,0.13733,0.07867,0.04267,0.01853,0.00967,0.42,0.47278,0.49494,0.50725,0.51098,0.51307,0.51356,0.38994,0.45111,0.47663,0.48924,0.49373,0.4962,0.49676
r40_k6_p32_seed0,40,6,32,False,0,23.769,0.039,0.7727,0.8117,33.174,1698365440,81920,0.42667,0.50547,0.53141,0.55594,0.56842,0.58293,0.58716,0.39883,0.55933,0.62556,0.6975,0.74344,0.81622,0.84033,0.42667,0.20556,0.13933,0.07867,0.04217,0.0184,0.00953,0.42667,0.49833,0.51283,0.52215,0.5254,0.52759,0.52789,0.39883,0.47565,0.49277,0.50391,0.50795,0.51032,0.51079
r40_k6_p8_center_seed0,40,6,8,True,0,21.617,0.0296,0.1244,0.1539,9.639,424591360,20480,0.34667,0.40553,0.4287,0.46026,0.4801,0.49763,0.50898,0.32328,0.44711,0.50611,0.60011,0.67483,0.76067,0.829,0.34667,0.16556,0.114,0.068,0.03817,0.01727,0.00937,0.34667,0.40278,0.41594,0.4281,0.43339,0.43606,0.43706,0.32328,0.38056,0.39559,0.40979,0.41588,0.41891,0.41997
r40_k6_p8_seed0,40,6,8,False,0,20.296,0.0244,0.1084,0.1328,8.979,424591360,20480,0.32,0.39556,0.42722,0.4554,0.46741,0.48712,0.49656,0.30261,0.44717,0.52561,0.60961,0.65539,0.75067,0.80844,0.32,0.16222,0.11667,0.06833,0.03717,0.01693,0.0091,0.32,0.39,0.40633,0.41738,0.42,0.4234,0.42415,0.30261,0.36848,0.38777,0.39995,0.40376,0.40716,0.40799
