setting,mode,budget,w,k,reps,cosine,n,zero_fraction,cv_nonzero,mean_score
"synthetic, d=128",repetitions,1,2048,8,1,0.2,1000,0.885,0.18214668333530426,0.00790445040911436
"synthetic, d=128",repetitions,1,2048,8,1,0.3,1000,0.787,0.31598788499832153,0.015945006161928177
"synthetic, d=128",repetitions,1,2048,8,1,0.4,1000,0.628,0.3862461745738983,0.031704097986221313
"synthetic, d=128",repetitions,1,2048,8,1,0.5,1000,0.479,0.42373910546302795,0.048002488911151886
"synthetic, d=128",repetitions,1,2048,8,1,0.6,1000,0.299,0.4982386529445648,0.07541165500879288
"synthetic, d=128",repetitions,1,2048,8,1,0.7,1000,0.139,0.4950575828552246,0.11195112764835358
"synthetic, d=128",repetitions,1,2048,8,1,0.8,1000,0.045,0.46697840094566345,0.17847184836864471
"synthetic, d=128",repetitions,1,2048,8,1,0.9,1000,0.001,0.35181373357772827,0.273555189371109
"synthetic, d=128",repetitions,2,2048,8,2,0.2,1000,0.771,0.34146440029144287,0.017156848683953285
"synthetic, d=128",repetitions,2,2048,8,2,0.3,1000,0.647,0.46696293354034424,0.029813775792717934
"synthetic, d=128",repetitions,2,2048,8,2,0.4,1000,0.426,0.4870191812515259,0.056800346821546555
"synthetic, d=128",repetitions,2,2048,8,2,0.5,1000,0.228,0.5247432589530945,0.09639494121074677
"synthetic, d=128",repetitions,2,2048,8,2,0.6,1000,0.103,0.5069684386253357,0.14903084933757782
"synthetic, d=128",repetitions,2,2048,8,2,0.7,1000,0.02,0.4600623846054077,0.22859622538089752
"synthetic, d=128",repetitions,2,2048,8,2,0.8,1000,0.0,0.3557775020599365,0.35516712069511414
"synthetic, d=128",repetitions,2,2048,8,2,0.9,1000,0.0,0.23543322086334229,0.5490497350692749
"synthetic, d=128",single matrix,2,4096,16,1,0.2,1000,0.773,0.30583620071411133,0.017050575464963913
"synthetic, d=128",single matrix,2,4096,16,1,0.3,1000,0.646,0.4521273076534271,0.030151242390275
"synthetic, d=128",single matrix,2,4096,16,1,0.4,1000,0.419,0.48736920952796936,0.058786541223526
"synthetic, d=128",single matrix,2,4096,16,1,0.5,1000,0.222,0.5317665934562683,0.0982164666056633
"synthetic, d=128",single matrix,2,4096,16,1,0.6,1000,0.086,0.5056462287902832,0.1527530997991562
"synthetic, d=128",single matrix,2,4096,16,1,0.7,1000,0.019,0.45470675826072693,0.23160241544246674
"synthetic, d=128",single matrix,2,4096,16,1,0.8,1000,0.0,0.3417203724384308,0.3625418543815613
"synthetic, d=128",single matrix,2,4096,16,1,0.9,1000,0.0,0.2344830334186554,0.560155987739563
"synthetic, d=128",repetitions,4,2048,8,4,0.2,1000,0.631,0.4155155420303345,0.030322562903165817
"synthetic, d=128",repetitions,4,2048,8,4,0.3,1000,0.417,0.5308424234390259,0.0603126659989357
"synthetic, d=128",repetitions,4,2048,8,4,0.4,1000,0.173,0.560426652431488,0.11697058379650116
"synthetic, d=128",repetitions,4,2048,8,4,0.5,1000,0.074,0.50240159034729,0.18467570841312408
"synthetic, d=128",repetitions,4,2048,8,4,0.6,1000,0.007,0.42849433422088623,0.30081143975257874
"synthetic, d=128",repetitions,4,2048,8,4,0.7,1000,0.0,0.34294572472572327,0.4673038423061371
"synthetic, d=128",repetitions,4,2048,8,4,0.8,1000,0.0,0.262959748506546,0.7158178687095642
"synthetic, d=128",repetitions,4,2048,8,4,0.9,1000,0.0,0.17336532473564148,1.1070548295974731
"synthetic, d=128",single matrix,4,8192,32,1,0.2,1000,0.641,0.3859626054763794,0.029803473502397537
"synthetic, d=128",single matrix,4,8192,32,1,0.3,1000,0.392,0.5225027799606323,0.06577896326780319
"synthetic, d=128",single matrix,4,8192,32,1,0.4,1000,0.191,0.5592479705810547,0.1172453910112381
"synthetic, d=128",single matrix,4,8192,32,1,0.5,1000,0.055,0.5141847729682922,0.1894998848438263
"synthetic, d=128",single matrix,4,8192,32,1,0.6,1000,0.005,0.4349946081638336,0.3091338574886322
"synthetic, d=128",single matrix,4,8192,32,1,0.7,1000,0.0,0.34311139583587646,0.4781942665576935
"synthetic, d=128",single matrix,4,8192,32,1,0.8,1000,0.0,0.24947699904441833,0.7351367473602295
"synthetic, d=128",single matrix,4,8192,32,1,0.9,1000,0.0,0.17093418538570404,1.1305546760559082
"synthetic, d=128",repetitions,8,2048,8,8,0.2,1000,0.391,0.5037441849708557,0.065000519156456
"synthetic, d=128",repetitions,8,2048,8,8,0.3,1000,0.158,0.5629671216011047,0.12750619649887085
"synthetic, d=128",repetitions,8,2048,8,8,0.4,1000,0.035,0.5033323764801025,0.22268110513687134
"synthetic, d=128",repetitions,8,2048,8,8,0.5,1000,0.005,0.3990994393825531,0.37637558579444885
"synthetic, d=128",repetitions,8,2048,8,8,0.6,1000,0.0,0.32521888613700867,0.5976683497428894
"synthetic, d=128",repetitions,8,2048,8,8,0.7,1000,0.0,0.2445167452096939,0.9325831532478333
"synthetic, d=128",repetitions,8,2048,8,8,0.8,1000,0.0,0.1730402708053589,1.4234055280685425
"synthetic, d=128",repetitions,8,2048,8,8,0.9,1000,0.0,0.12350453436374664,2.2019896507263184
"synthetic, d=128",single matrix,8,16384,64,1,0.2,1000,0.371,0.5159110426902771,0.06740009039640427
"synthetic, d=128",single matrix,8,16384,64,1,0.3,1000,0.148,0.5562465190887451,0.13178187608718872
"synthetic, d=128",single matrix,8,16384,64,1,0.4,1000,0.034,0.5071969628334045,0.22912973165512085
"synthetic, d=128",single matrix,8,16384,64,1,0.5,1000,0.003,0.4009464383125305,0.3872210383415222
"synthetic, d=128",single matrix,8,16384,64,1,0.6,1000,0.0,0.32269591093063354,0.6147725582122803
"synthetic, d=128",single matrix,8,16384,64,1,0.7,1000,0.0,0.23891694843769073,0.9688538312911987
"synthetic, d=128",single matrix,8,16384,64,1,0.8,1000,0.0,0.17110992968082428,1.4616807699203491
"synthetic, d=128",single matrix,8,16384,64,1,0.9,1000,0.0,0.12104613333940506,2.2594144344329834
"synthetic, d=1024",repetitions,1,4096,8,1,0.2,1000,0.906,0.2610730826854706,0.0010091285221278667
"synthetic, d=1024",repetitions,1,4096,8,1,0.3,1000,0.84,0.3117521107196808,0.0017798572080209851
"synthetic, d=1024",repetitions,1,4096,8,1,0.4,1000,0.705,0.3510514199733734,0.0034378143027424812
"synthetic, d=1024",repetitions,1,4096,8,1,0.5,1000,0.556,0.457141637802124,0.005986053496599197
"synthetic, d=1024",repetitions,1,4096,8,1,0.6,1000,0.365,0.4924854338169098,0.009569471701979637
"synthetic, d=1024",repetitions,1,4096,8,1,0.7,1000,0.191,0.501326858997345,0.014562766067683697
"synthetic, d=1024",repetitions,1,4096,8,1,0.8,1000,0.056,0.4619615972042084,0.023494254797697067
"synthetic, d=1024",repetitions,1,4096,8,1,0.9,1000,0.002,0.3564937710762024,0.03799586370587349
"synthetic, d=1024",repetitions,2,4096,8,2,0.2,1000,0.837,0.2541075050830841,0.0017203382449224591
"synthetic, d=1024",repetitions,2,4096,8,2,0.3,1000,0.735,0.37577444314956665,0.0031728725880384445
"synthetic, d=1024",repetitions,2,4096,8,2,0.4,1000,0.544,0.44180938601493835,0.005971243605017662
"synthetic, d=1024",repetitions,2,4096,8,2,0.5,1000,0.314,0.4919995069503784,0.011488956399261951
"synthetic, d=1024",repetitions,2,4096,8,2,0.6,1000,0.136,0.5332396030426025,0.018058238551020622
"synthetic, d=1024",repetitions,2,4096,8,2,0.7,1000,0.053,0.4635428786277771,0.029511237516999245
"synthetic, d=1024",repetitions,2,4096,8,2,0.8,1000,0.004,0.376572847366333,0.047223929315805435
"synthetic, d=1024",repetitions,2,4096,8,2,0.9,1000,0.0,0.253135621547699,0.07700590789318085
"synthetic, d=1024",single matrix,2,8192,16,1,0.2,1000,0.841,0.23060010373592377,0.0016520485514774919
"synthetic, d=1024",single matrix,2,8192,16,1,0.3,1000,0.743,0.35116153955459595,0.0030450085178017616
"synthetic, d=1024",single matrix,2,8192,16,1,0.4,1000,0.524,0.4412941336631775,0.0061836205422878265
"synthetic, d=1024",single matrix,2,8192,16,1,0.5,1000,0.298,0.497816264629364,0.011727170087397099
"synthetic, d=1024",single matrix,2,8192,16,1,0.6,1000,0.133,0.5441928505897522,0.018676655367016792
"synthetic, d=1024",single matrix,2,8192,16,1,0.7,1000,0.045,0.4770219922065735,0.030327340587973595
"synthetic, d=1024",single matrix,2,8192,16,1,0.8,1000,0.006,0.3672085106372833,0.04805617034435272
"synthetic, d=1024",single matrix,2,8192,16,1,0.9,1000,0.0,0.2448723316192627,0.0784209817647934
"synthetic, d=1024",repetitions,4,4096,8,4,0.2,1000,0.699,0.3670285940170288,0.0035073484759777784
"synthetic, d=1024",repetitions,4,4096,8,4,0.3,1000,0.529,0.45447811484336853,0.006651983596384525
"synthetic, d=1024",repetitions,4,4096,8,4,0.4,1000,0.276,0.5104309916496277,0.012700464576482773
"synthetic, d=1024",repetitions,4,4096,8,4,0.5,1000,0.107,0.5380651354789734,0.021928852424025536
"synthetic, d=1024",repetitions,4,4096,8,4,0.6,1000,0.019,0.4852359890937805,0.03672216832637787
"synthetic, d=1024",repetitions,4,4096,8,4,0.7,1000,0.006,0.37088850140571594,0.059444040060043335
"synthetic, d=1024",repetitions,4,4096,8,4,0.8,1000,0.0,0.27245649695396423,0.09593662619590759
"synthetic, d=1024",repetitions,4,4096,8,4,0.9,1000,0.0,0.17369206249713898,0.1524326503276825
"synthetic, d=1024",single matrix,4,16384,32,1,0.2,1000,0.7,0.3810797929763794,0.0035332173574715853
"synthetic, d=1024",single matrix,4,16384,32,1,0.3,1000,0.516,0.457133412361145,0.006676667369902134
"synthetic, d=1024",single matrix,4,16384,32,1,0.4,1000,0.268,0.5199913382530212,0.012806995771825314
"synthetic, d=1024",single matrix,4,16384,32,1,0.5,1000,0.097,0.5299848318099976,0.022821208462119102
"synthetic, d=1024",single matrix,4,16384,32,1,0.6,1000,0.02,0.4726792573928833,0.03765750303864479
"synthetic, d=1024",single matrix,4,16384,32,1,0.7,1000,0.001,0.35896918177604675,0.061080917716026306
"synthetic, d=1024",single matrix,4,16384,32,1,0.8,1000,0.0,0.2632203996181488,0.09769605100154877
"synthetic, d=1024",single matrix,4,16384,32,1,0.9,1000,0.0,0.17016100883483887,0.15699583292007446
"synthetic, d=1024",repetitions,8,4096,8,8,0.2,1000,0.528,0.4820607006549835,0.006367988418787718
"synthetic, d=1024",repetitions,8,4096,8,8,0.3,1000,0.279,0.534433126449585,0.013193017803132534
"synthetic, d=1024",repetitions,8,4096,8,8,0.4,1000,0.073,0.5238131880760193,0.024668721482157707
"synthetic, d=1024",repetitions,8,4096,8,8,0.5,1000,0.013,0.43899503350257874,0.04426740109920502
"synthetic, d=1024",repetitions,8,4096,8,8,0.6,1000,0.002,0.33811360597610474,0.07405924052000046
"synthetic, d=1024",repetitions,8,4096,8,8,0.7,1000,0.0,0.27491289377212524,0.12103930860757828
"synthetic, d=1024",repetitions,8,4096,8,8,0.8,1000,0.0,0.18712525069713593,0.19042229652404785
"synthetic, d=1024",repetitions,8,4096,8,8,0.9,1000,0.0,0.1331074982881546,0.3044551908969879
"synthetic, d=1024",single matrix,8,32768,64,1,0.2,1000,0.524,0.4721704423427582,0.006335625424981117
"synthetic, d=1024",single matrix,8,32768,64,1,0.3,1000,0.276,0.5342395901679993,0.013520662672817707
"synthetic, d=1024",single matrix,8,32768,64,1,0.4,1000,0.073,0.5140665769577026,0.025594646111130714
"synthetic, d=1024",single matrix,8,32768,64,1,0.5,1000,0.013,0.4459427297115326,0.045241691172122955
"synthetic, d=1024",single matrix,8,32768,64,1,0.6,1000,0.002,0.3338928520679474,0.07671560347080231
"synthetic, d=1024",single matrix,8,32768,64,1,0.7,1000,0.0,0.26628580689430237,0.12432943284511566
"synthetic, d=1024",single matrix,8,32768,64,1,0.8,1000,0.0,0.18480746448040009,0.1960618644952774
"synthetic, d=1024",single matrix,8,32768,64,1,0.9,1000,0.0,0.1286986619234085,0.31163305044174194
BGE-M3 tokens,repetitions,1,4096,8,1,0.2,1000,0.899,0.14474017918109894,0.0010338859865441918
BGE-M3 tokens,repetitions,1,4096,8,1,0.3,1000,0.871,0.2831292450428009,0.0013735864777117968
BGE-M3 tokens,repetitions,1,4096,8,1,0.4,1000,0.748,0.38060131669044495,0.0029435039032250643
BGE-M3 tokens,repetitions,1,4096,8,1,0.5,1000,0.605,0.39374786615371704,0.005005974788218737
BGE-M3 tokens,repetitions,1,4096,8,1,0.6,1000,0.362,0.47258588671684265,0.009610281325876713
BGE-M3 tokens,repetitions,1,4096,8,1,0.7,1000,0.095,0.4700775742530823,0.019027981907129288
BGE-M3 tokens,repetitions,1,4096,8,1,0.8,1000,0.027,0.41540518403053284,0.02721523307263851
BGE-M3 tokens,repetitions,1,4096,8,1,0.9,1000,0.044,0.48585081100463867,0.02323712594807148
BGE-M3 tokens,repetitions,2,4096,8,2,0.2,1000,0.872,0.1811131238937378,0.0012512346729636192
BGE-M3 tokens,repetitions,2,4096,8,2,0.3,1000,0.76,0.32756248116493225,0.0027089938521385193
BGE-M3 tokens,repetitions,2,4096,8,2,0.4,1000,0.64,0.4268302619457245,0.0043715182691812515
BGE-M3 tokens,repetitions,2,4096,8,2,0.5,1000,0.41,0.46361708641052246,0.008437358774244785
BGE-M3 tokens,repetitions,2,4096,8,2,0.6,1000,0.187,0.5158276557922363,0.015481241047382355
BGE-M3 tokens,repetitions,2,4096,8,2,0.7,1000,0.043,0.46094679832458496,0.025508670136332512
BGE-M3 tokens,repetitions,2,4096,8,2,0.8,1000,0.001,0.37625449895858765,0.041529349982738495
BGE-M3 tokens,repetitions,2,4096,8,2,0.9,1000,0.0,0.2810582220554352,0.06032906845211983
BGE-M3 tokens,single matrix,2,8192,16,1,0.2,1000,0.876,0.21855637431144714,0.001239604433067143
BGE-M3 tokens,single matrix,2,8192,16,1,0.3,1000,0.752,0.3602611720561981,0.0028033272828906775
BGE-M3 tokens,single matrix,2,8192,16,1,0.4,1000,0.633,0.43398284912109375,0.004545735660940409
BGE-M3 tokens,single matrix,2,8192,16,1,0.5,1000,0.422,0.4668405055999756,0.008335737511515617
BGE-M3 tokens,single matrix,2,8192,16,1,0.6,1000,0.167,0.5140433311462402,0.015815678983926773
BGE-M3 tokens,single matrix,2,8192,16,1,0.7,1000,0.04,0.4574943780899048,0.02566010318696499
BGE-M3 tokens,single matrix,2,8192,16,1,0.8,1000,0.004,0.377367228269577,0.04170367494225502
BGE-M3 tokens,single matrix,2,8192,16,1,0.9,1000,0.0,0.269614577293396,0.06051955744624138
BGE-M3 tokens,repetitions,4,4096,8,4,0.2,1000,0.68,0.38814103603363037,0.0038862095680087805
BGE-M3 tokens,repetitions,4,4096,8,4,0.3,1000,0.479,0.49873825907707214,0.007235809229314327
BGE-M3 tokens,repetitions,4,4096,8,4,0.4,1000,0.289,0.5236584544181824,0.012455074116587639
BGE-M3 tokens,repetitions,4,4096,8,4,0.5,1000,0.142,0.5573801398277283,0.01968511939048767
BGE-M3 tokens,repetitions,4,4096,8,4,0.6,1000,0.026,0.4695495367050171,0.03383000195026398
BGE-M3 tokens,repetitions,4,4096,8,4,0.7,1000,0.002,0.37163883447647095,0.053139474242925644
BGE-M3 tokens,repetitions,4,4096,8,4,0.8,1000,0.0,0.2594957947731018,0.08281131833791733
BGE-M3 tokens,repetitions,4,4096,8,4,0.9,1000,0.0,0.15835040807724,0.18212904036045074
BGE-M3 tokens,single matrix,4,16384,32,1,0.2,1000,0.671,0.38119611144065857,0.004092765040695667
BGE-M3 tokens,single matrix,4,16384,32,1,0.3,1000,0.461,0.4934934675693512,0.007613349240273237
BGE-M3 tokens,single matrix,4,16384,32,1,0.4,1000,0.289,0.5269584655761719,0.013171142898499966
BGE-M3 tokens,single matrix,4,16384,32,1,0.5,1000,0.139,0.5679042935371399,0.020015571266412735
BGE-M3 tokens,single matrix,4,16384,32,1,0.6,1000,0.026,0.46419546008110046,0.03380278870463371
BGE-M3 tokens,single matrix,4,16384,32,1,0.7,1000,0.001,0.35747864842414856,0.05436394363641739
BGE-M3 tokens,single matrix,4,16384,32,1,0.8,1000,0.0,0.25520217418670654,0.0838296189904213
BGE-M3 tokens,single matrix,4,16384,32,1,0.9,1000,0.0,0.15469162166118622,0.18236304819583893
BGE-M3 tokens,repetitions,8,4096,8,8,0.2,1000,0.552,0.47881415486335754,0.005832773167639971
BGE-M3 tokens,repetitions,8,4096,8,8,0.3,1000,0.298,0.5525465607643127,0.011782241053879261
BGE-M3 tokens,repetitions,8,4096,8,8,0.4,1000,0.086,0.540379524230957,0.02309810183942318
BGE-M3 tokens,repetitions,8,4096,8,8,0.5,1000,0.016,0.451149046421051,0.042932745069265366
BGE-M3 tokens,repetitions,8,4096,8,8,0.6,1000,0.0,0.34183764457702637,0.07227811962366104
BGE-M3 tokens,repetitions,8,4096,8,8,0.7,1000,0.0,0.22929219901561737,0.13000524044036865
BGE-M3 tokens,repetitions,8,4096,8,8,0.8,1000,0.0,0.17363019287586212,0.19352708756923676
BGE-M3 tokens,repetitions,8,4096,8,8,0.9,1000,0.0,0.1226726844906807,0.3011811375617981
BGE-M3 tokens,single matrix,8,32768,64,1,0.2,1000,0.549,0.45409220457077026,0.006037839688360691
BGE-M3 tokens,single matrix,8,32768,64,1,0.3,1000,0.283,0.5482596158981323,0.012143144384026527
BGE-M3 tokens,single matrix,8,32768,64,1,0.4,1000,0.089,0.533409595489502,0.024136891588568687
BGE-M3 tokens,single matrix,8,32768,64,1,0.5,1000,0.008,0.44603705406188965,0.04468564689159393
BGE-M3 tokens,single matrix,8,32768,64,1,0.6,1000,0.0,0.3448966145515442,0.07585024833679199
BGE-M3 tokens,single matrix,8,32768,64,1,0.7,1000,0.0,0.2215801328420639,0.1392768919467926
BGE-M3 tokens,single matrix,8,32768,64,1,0.8,1000,0.0,0.16323329508304596,0.20574365556240082
BGE-M3 tokens,single matrix,8,32768,64,1,0.9,1000,0.0,0.1153775006532669,0.30928343534469604
"BGE-M3 tokens, centered",repetitions,1,4096,8,1,0.2,1000,0.991,0.33224961161613464,0.00010154266783501953
"BGE-M3 tokens, centered",repetitions,1,4096,8,1,0.3,1000,0.965,0.19482958316802979,0.00033705332316458225
"BGE-M3 tokens, centered",repetitions,1,4096,8,1,0.4,1000,0.955,0.1426945924758911,0.000448116596089676
"BGE-M3 tokens, centered",repetitions,1,4096,8,1,0.5,1000,0.943,0.29274359345436096,0.0006363330176100135
"BGE-M3 tokens, centered",repetitions,1,4096,8,1,0.6,1000,0.901,0.23794612288475037,0.0010394476121291518
"BGE-M3 tokens, centered",repetitions,1,4096,8,1,0.7,1000,0.789,0.3106141686439514,0.0023064184933900833
"BGE-M3 tokens, centered",repetitions,1,4096,8,1,0.8,1000,0.51,0.39420071244239807,0.006047909613698721
"BGE-M3 tokens, centered",repetitions,1,4096,8,1,0.9,1000,0.024,0.4002072513103485,0.024633552879095078
"BGE-M3 tokens, centered",repetitions,2,4096,8,2,0.2,1000,0.97,0.189688041806221,0.0003079898888245225
"BGE-M3 tokens, centered",repetitions,2,4096,8,2,0.3,1000,0.95,0.34642404317855835,0.0005210847593843937
"BGE-M3 tokens, centered",repetitions,2,4096,8,2,0.4,1000,0.92,0.30563756823539734,0.0008560811402276158
"BGE-M3 tokens, centered",repetitions,2,4096,8,2,0.5,1000,0.881,0.3486899733543396,0.001323872129432857
"BGE-M3 tokens, centered",repetitions,2,4096,8,2,0.6,1000,0.768,0.33827245235443115,0.002660496160387993
"BGE-M3 tokens, centered",repetitions,2,4096,8,2,0.7,1000,0.491,0.45941776037216187,0.007004904095083475
"BGE-M3 tokens, centered",repetitions,2,4096,8,2,0.8,1000,0.158,0.5237377285957336,0.01725335605442524
"BGE-M3 tokens, centered",repetitions,2,4096,8,2,0.9,1000,0.002,0.25996091961860657,0.10980184376239777
"BGE-M3 tokens, centered",single matrix,2,8192,16,1,0.2,1000,0.966,0.1850503385066986,0.0003439228457864374
"BGE-M3 tokens, centered",single matrix,2,8192,16,1,0.3,1000,0.949,0.3490963578224182,0.0005416192580014467
"BGE-M3 tokens, centered",single matrix,2,8192,16,1,0.4,1000,0.928,0.33458924293518066,0.0008020480745472014
"BGE-M3 tokens, centered",single matrix,2,8192,16,1,0.5,1000,0.865,0.3483463227748871,0.0014701092150062323
"BGE-M3 tokens, centered",single matrix,2,8192,16,1,0.6,1000,0.769,0.33410099148750305,0.002675316296517849
"BGE-M3 tokens, centered",single matrix,2,8192,16,1,0.7,1000,0.488,0.45441949367523193,0.007068634033203125
"BGE-M3 tokens, centered",single matrix,2,8192,16,1,0.8,1000,0.155,0.5134652853012085,0.0176096074283123
"BGE-M3 tokens, centered",single matrix,2,8192,16,1,0.9,1000,0.002,0.26135584712028503,0.10971341282129288
"BGE-M3 tokens, centered",repetitions,4,4096,8,4,0.2,1000,0.938,0.26329803466796875,0.0006314161000773311
"BGE-M3 tokens, centered",repetitions,4,4096,8,4,0.3,1000,0.903,0.3557046949863434,0.0010348487412557006
"BGE-M3 tokens, centered",repetitions,4,4096,8,4,0.4,1000,0.839,0.41643351316452026,0.0018639735644683242
"BGE-M3 tokens, centered",repetitions,4,4096,8,4,0.5,1000,0.729,0.4958454370498657,0.0035038897767663
"BGE-M3 tokens, centered",repetitions,4,4096,8,4,0.6,1000,0.587,0.5349090099334717,0.005847380496561527
"BGE-M3 tokens, centered",repetitions,4,4096,8,4,0.7,1000,0.304,0.5366532802581787,0.012617039494216442
"BGE-M3 tokens, centered",repetitions,4,4096,8,4,0.8,1000,0.056,0.5174307227134705,0.030026750639081
"BGE-M3 tokens, centered",repetitions,4,4096,8,4,0.9,1000,0.0,0.233027383685112,0.1569288969039917
"BGE-M3 tokens, centered",single matrix,4,16384,32,1,0.2,1000,0.937,0.25110137462615967,0.000650527945253998
"BGE-M3 tokens, centered",single matrix,4,16384,32,1,0.3,1000,0.902,0.3324030935764313,0.0010602183174341917
"BGE-M3 tokens, centered",single matrix,4,16384,32,1,0.4,1000,0.83,0.39391279220581055,0.0019778499845415354
"BGE-M3 tokens, centered",single matrix,4,16384,32,1,0.5,1000,0.747,0.4658876955509186,0.0033427381422370672
"BGE-M3 tokens, centered",single matrix,4,16384,32,1,0.6,1000,0.575,0.5449960231781006,0.005977408029139042
"BGE-M3 tokens, centered",single matrix,4,16384,32,1,0.7,1000,0.275,0.5385196805000305,0.013352680020034313
"BGE-M3 tokens, centered",single matrix,4,16384,32,1,0.8,1000,0.042,0.5135306119918823,0.031421590596437454
"BGE-M3 tokens, centered",single matrix,4,16384,32,1,0.9,1000,0.0,0.23483718931674957,0.16043026745319366
"BGE-M3 tokens, centered",repetitions,8,4096,8,8,0.2,1000,0.9,0.3812081217765808,0.0011419488582760096
"BGE-M3 tokens, centered",repetitions,8,4096,8,8,0.3,1000,0.827,0.4120384752750397,0.0020588054321706295
"BGE-M3 tokens, centered",repetitions,8,4096,8,8,0.4,1000,0.731,0.5213203430175781,0.0038478351198136806
"BGE-M3 tokens, centered",repetitions,8,4096,8,8,0.5,1000,0.603,0.6083821654319763,0.00637453468516469
"BGE-M3 tokens, centered",repetitions,8,4096,8,8,0.6,1000,0.371,0.6938781142234802,0.011171768419444561
"BGE-M3 tokens, centered",repetitions,8,4096,8,8,0.7,1000,0.066,0.5484934449195862,0.026614556089043617
"BGE-M3 tokens, centered",repetitions,8,4096,8,8,0.8,1000,0.002,0.39856576919555664,0.06482350081205368
"BGE-M3 tokens, centered",repetitions,8,4096,8,8,0.9,1000,0.0,0.19493606686592102,0.28368520736694336
"BGE-M3 tokens, centered",single matrix,8,32768,64,1,0.2,1000,0.897,0.36274921894073486,0.0011707601370289922
"BGE-M3 tokens, centered",single matrix,8,32768,64,1,0.3,1000,0.825,0.4212557077407837,0.00210681208409369
"BGE-M3 tokens, centered",single matrix,8,32768,64,1,0.4,1000,0.733,0.5309705138206482,0.003820868441835046
"BGE-M3 tokens, centered",single matrix,8,32768,64,1,0.5,1000,0.597,0.5915316343307495,0.0065026553347706795
"BGE-M3 tokens, centered",single matrix,8,32768,64,1,0.6,1000,0.364,0.7057934999465942,0.01148801576346159
"BGE-M3 tokens, centered",single matrix,8,32768,64,1,0.7,1000,0.061,0.5309635400772095,0.027600133791565895
"BGE-M3 tokens, centered",single matrix,8,32768,64,1,0.8,1000,0.003,0.3898225426673889,0.06593966484069824
"BGE-M3 tokens, centered",single matrix,8,32768,64,1,0.9,1000,0.0,0.19698813557624817,0.29722973704338074
