setting,mode,budget,w,k,reps,spearman,pearson,zero_fraction_all,zero_fraction_cos>=0.7
"synthetic, d=128",repetitions,1,2048,8,1,0.7606657643438781,0.7389061053094113,0.407875,0.06166666666666667
"synthetic, d=128",repetitions,2,2048,8,2,0.8495252846462235,0.8223499566354484,0.274375,0.006666666666666667
"synthetic, d=128",single matrix,2,4096,16,1,0.8537557931381519,0.825743480394069,0.270625,0.006333333333333333
"synthetic, d=128",repetitions,4,2048,8,4,0.9112428762914871,0.8702155889141566,0.16275,0.0
"synthetic, d=128",single matrix,4,8192,32,1,0.9122353823422511,0.872313890732026,0.1605,0.0
"synthetic, d=128",repetitions,8,2048,8,8,0.9474336061487141,0.8989491139186365,0.073625,0.0
"synthetic, d=128",single matrix,8,16384,64,1,0.9483314942598551,0.9004744391493873,0.0695,0.0
"synthetic, d=1024",repetitions,1,4096,8,1,0.7517738880616684,0.7300978807791586,0.452625,0.083
"synthetic, d=1024",repetitions,2,4096,8,2,0.8442966693619844,0.8109782043924743,0.327875,0.019
"synthetic, d=1024",single matrix,2,8192,16,1,0.8483534375879358,0.8148398700004058,0.32375,0.017
"synthetic, d=1024",repetitions,4,4096,8,4,0.9036050083834285,0.8599132267284921,0.2045,0.002
"synthetic, d=1024",single matrix,4,16384,32,1,0.90784932872495,0.8628225513167833,0.20025,0.0003333333333333333
"synthetic, d=1024",repetitions,8,4096,8,8,0.9463193818502151,0.8889421343035018,0.111875,0.0
"synthetic, d=1024",single matrix,8,32768,64,1,0.9476036295254447,0.8911240097662859,0.111,0.0
BGE-M3 tokens,repetitions,1,4096,8,1,0.732890927795077,0.6952968835830688,0.456375,0.05533333333333333
BGE-M3 tokens,repetitions,2,4096,8,2,0.8403578818890337,0.813194990158081,0.364125,0.014666666666666666
BGE-M3 tokens,single matrix,2,8192,16,1,0.8406811953427378,0.815636396408081,0.36175,0.014666666666666666
BGE-M3 tokens,repetitions,4,4096,8,4,0.8912878778476777,0.8256396055221558,0.20225,0.0006666666666666666
BGE-M3 tokens,single matrix,4,16384,32,1,0.890564777916472,0.8279237747192383,0.198375,0.0003333333333333333
BGE-M3 tokens,repetitions,8,4096,8,8,0.9479154408539482,0.9027334451675415,0.119,0.0
BGE-M3 tokens,single matrix,8,32768,64,1,0.9491644313953465,0.9084030389785767,0.116125,0.0
"BGE-M3 tokens, centered",repetitions,1,4096,8,1,0.6315079880137632,0.6073987483978271,0.75975,0.441
"BGE-M3 tokens, centered",repetitions,2,4096,8,2,0.7379789625640581,0.646414041519165,0.6425,0.217
"BGE-M3 tokens, centered",single matrix,2,8192,16,1,0.7379445318513296,0.647579550743103,0.64025,0.215
"BGE-M3 tokens, centered",repetitions,4,4096,8,4,0.7746103637960192,0.6711553931236267,0.5445,0.12
"BGE-M3 tokens, centered",single matrix,4,16384,32,1,0.7816002572961179,0.6735805869102478,0.5385,0.10566666666666667
"BGE-M3 tokens, centered",repetitions,8,4096,8,8,0.8347943708349849,0.6985026597976685,0.4375,0.02266666666666667
"BGE-M3 tokens, centered",single matrix,8,32768,64,1,0.8374207050307083,0.6960734128952026,0.435,0.021333333333333333
