query_id,n_relevant,ndcg@1,ndcg@3,ndcg@5,ndcg@10,ndcg@20,ndcg@50,ndcg@100,recall@1,recall@3,recall@5,recall@10,recall@20,recall@50,recall@100,precision@1,precision@3,precision@5,precision@10,precision@20,precision@50,precision@100,mrr@1,mrr@3,mrr@5,mrr@10,mrr@20,mrr@50,mrr@100,map@1,map@3,map@5,map@10,map@20,map@50,map@100,first_relevant_rank
1,1,0.0,0.0,0.0,0.0,0.0,0.0,0.0,0.0,0.0,0.0,0.0,0.0,0.0,0.0,0.0,0.0,0.0,0.0,0.0,0.0,0.0,0.0,0.0,0.0,0.0,0.0,0.0,0.0,0.0,0.0,0.0,0.0,0.0,0.0,0.0,
3,1,0.0,0.0,0.0,0.0,0.23981246656813146,0.23981246656813146,0.23981246656813146,0.0,0.0,0.0,0.0,1.0,1.0,1.0,0.0,0.0,0.0,0.0,0.05,0.02,0.01,0.0,0.0,0.0,0.0,0.058823529411764705,0.058823529411764705,0.058823529411764705,0.0,0.0,0.0,0.0,0.058823529411764705,0.058823529411764705,0.058823529411764705,17.0
5,1,0.0,0.0,0.0,0.3010299956639812,0.3010299956639812,0.3010299956639812,0.3010299956639812,0.0,0.0,0.0,1.0,1.0,1.0,1.0,0.0,0.0,0.0,0.1,0.05,0.02,0.01,0.0,0.0,0.0,0.1111111111111111,0.1111111111111111,0.1111111111111111,0.1111111111111111,0.0,0.0,0.0,0.1111111111111111,0.1111111111111111,0.1111111111111111,0.1111111111111111,9.0
13,1,0.0,0.0,0.0,0.3333333333333333,0.3333333333333333,0.3333333333333333,0.3333333333333333,0.0,0.0,0.0,1.0,1.0,1.0,1.0,0.0,0.0,0.0,0.1,0.05,0.02,0.01,0.0,0.0,0.0,0.14285714285714285,0.14285714285714285,0.14285714285714285,0.14285714285714285,0.0,0.0,0.0,0.14285714285714285,0.14285714285714285,0.14285714285714285,0.14285714285714285,7.0
36,2,0.0,0.3065735963827292,0.3065735963827292,0.3065735963827292,0.3065735963827292,0.3065735963827292,0.4038401761162907,0.0,0.5,0.5,0.5,0.5,0.5,1.0,0.0,0.3333333333333333,0.2,0.1,0.05,0.02,0.02,0.0,0.3333333333333333,0.3333333333333333,0.3333333333333333,0.3333333333333333,0.3333333333333333,0.3333333333333333,0.0,0.16666666666666666,0.16666666666666666,0.16666666666666666,0.16666666666666666,0.16666666666666666,0.1794871794871795,3.0
42,1,1.0,1.0,1.0,1.0,1.0,1.0,1.0,1.0,1.0,1.0,1.0,1.0,1.0,1.0,1.0,0.3333333333333333,0.2,0.1,0.05,0.02,0.01,1.0,1.0,1.0,1.0,1.0,1.0,1.0,1.0,1.0,1.0,1.0,1.0,1.0,1.0,1.0
48,1,0.0,0.0,0.43067655807339306,0.43067655807339306,0.43067655807339306,0.43067655807339306,0.43067655807339306,0.0,0.0,1.0,1.0,1.0,1.0,1.0,0.0,0.0,0.2,0.1,0.05,0.02,0.01,0.0,0.0,0.25,0.25,0.25,0.25,0.25,0.0,0.0,0.25,0.25,0.25,0.25,0.25,4.0
49,1,1.0,1.0,1.0,1.0,1.0,1.0,1.0,1.0,1.0,1.0,1.0,1.0,1.0,1.0,1.0,0.3333333333333333,0.2,0.1,0.05,0.02,0.01,1.0,1.0,1.0,1.0,1.0,1.0,1.0,1.0,1.0,1.0,1.0,1.0,1.0,1.0,1.0
50,1,1.0,1.0,1.0,1.0,1.0,1.0,1.0,1.0,1.0,1.0,1.0,1.0,1.0,1.0,1.0,0.3333333333333333,0.2,0.1,0.05,0.02,0.01,1.0,1.0,1.0,1.0,1.0,1.0,1.0,1.0,1.0,1.0,1.0,1.0,1.0,1.0,1.0
51,1,1.0,1.0,1.0,1.0,1.0,1.0,1.0,1.0,1.0,1.0,1.0,1.0,1.0,1.0,1.0,0.3333333333333333,0.2,0.1,0.05,0.02,0.01,1.0,1.0,1.0,1.0,1.0,1.0,1.0,1.0,1.0,1.0,1.0,1.0,1.0,1.0,1.0
53,1,1.0,1.0,1.0,1.0,1.0,1.0,1.0,1.0,1.0,1.0,1.0,1.0,1.0,1.0,1.0,0.3333333333333333,0.2,0.1,0.05,0.02,0.01,1.0,1.0,1.0,1.0,1.0,1.0,1.0,1.0,1.0,1.0,1.0,1.0,1.0,1.0,1.0
54,1,0.0,0.0,0.0,0.3333333333333333,0.3333333333333333,0.3333333333333333,0.3333333333333333,0.0,0.0,0.0,1.0,1.0,1.0,1.0,0.0,0.0,0.0,0.1,0.05,0.02,0.01,0.0,0.0,0.0,0.14285714285714285,0.14285714285714285,0.14285714285714285,0.14285714285714285,0.0,0.0,0.0,0.14285714285714285,0.14285714285714285,0.14285714285714285,0.14285714285714285,7.0
56,1,1.0,1.0,1.0,1.0,1.0,1.0,1.0,1.0,1.0,1.0,1.0,1.0,1.0,1.0,1.0,0.3333333333333333,0.2,0.1,0.05,0.02,0.01,1.0,1.0,1.0,1.0,1.0,1.0,1.0,1.0,1.0,1.0,1.0,1.0,1.0,1.0,1.0
57,1,1.0,1.0,1.0,1.0,1.0,1.0,1.0,1.0,1.0,1.0,1.0,1.0,1.0,1.0,1.0,0.3333333333333333,0.2,0.1,0.05,0.02,0.01,1.0,1.0,1.0,1.0,1.0,1.0,1.0,1.0,1.0,1.0,1.0,1.0,1.0,1.0,1.0
70,2,0.0,0.0,0.0,0.0,0.0,0.10863976191957724,0.10863976191957724,0.0,0.0,0.0,0.0,0.0,0.5,0.5,0.0,0.0,0.0,0.0,0.0,0.02,0.01,0.0,0.0,0.0,0.0,0.0,0.02040816326530612,0.02040816326530612,0.0,0.0,0.0,0.0,0.0,0.01020408163265306,0.01020408163265306,49.0
72,1,0.0,0.0,0.0,0.0,0.0,0.0,0.0,0.0,0.0,0.0,0.0,0.0,0.0,0.0,0.0,0.0,0.0,0.0,0.0,0.0,0.0,0.0,0.0,0.0,0.0,0.0,0.0,0.0,0.0,0.0,0.0,0.0,0.0,0.0,0.0,
75,1,0.0,0.6309297535714575,0.6309297535714575,0.6309297535714575,0.6309297535714575,0.6309297535714575,0.6309297535714575,0.0,1.0,1.0,1.0,1.0,1.0,1.0,0.0,0.3333333333333333,0.2,0.1,0.05,0.02,0.01,0.0,0.5,0.5,0.5,0.5,0.5,0.5,0.0,0.5,0.5,0.5,0.5,0.5,0.5,2.0
94,1,0.0,0.0,0.0,0.0,0.0,0.0,0.0,0.0,0.0,0.0,0.0,0.0,0.0,0.0,0.0,0.0,0.0,0.0,0.0,0.0,0.0,0.0,0.0,0.0,0.0,0.0,0.0,0.0,0.0,0.0,0.0,0.0,0.0,0.0,0.0,
99,1,0.0,0.0,0.0,0.0,0.0,0.0,0.0,0.0,0.0,0.0,0.0,0.0,0.0,0.0,0.0,0.0,0.0,0.0,0.0,0.0,0.0,0.0,0.0,0.0,0.0,0.0,0.0,0.0,0.0,0.0,0.0,0.0,0.0,0.0,0.0,
100,1,0.0,0.0,0.0,0.3333333333333333,0.3333333333333333,0.3333333333333333,0.3333333333333333,0.0,0.0,0.0,1.0,1.0,1.0,1.0,0.0,0.0,0.0,0.1,0.05,0.02,0.01,0.0,0.0,0.0,0.14285714285714285,0.14285714285714285,0.14285714285714285,0.14285714285714285,0.0,0.0,0.0,0.14285714285714285,0.14285714285714285,0.14285714285714285,0.14285714285714285,7.0
113,1,0.0,0.6309297535714575,0.6309297535714575,0.6309297535714575,0.6309297535714575,0.6309297535714575,0.6309297535714575,0.0,1.0,1.0,1.0,1.0,1.0,1.0,0.0,0.3333333333333333,0.2,0.1,0.05,0.02,0.01,0.0,0.5,0.5,0.5,0.5,0.5,0.5,0.0,0.5,0.5,0.5,0.5,0.5,0.5,2.0
115,1,1.0,1.0,1.0,1.0,1.0,1.0,1.0,1.0,1.0,1.0,1.0,1.0,1.0,1.0,1.0,0.3333333333333333,0.2,0.1,0.05,0.02,0.01,1.0,1.0,1.0,1.0,1.0,1.0,1.0,1.0,1.0,1.0,1.0,1.0,1.0,1.0,1.0
118,1,1.0,1.0,1.0,1.0,1.0,1.0,1.0,1.0,1.0,1.0,1.0,1.0,1.0,1.0,1.0,0.3333333333333333,0.2,0.1,0.05,0.02,0.01,1.0,1.0,1.0,1.0,1.0,1.0,1.0,1.0,1.0,1.0,1.0,1.0,1.0,1.0,1.0
124,1,1.0,1.0,1.0,1.0,1.0,1.0,1.0,1.0,1.0,1.0,1.0,1.0,1.0,1.0,1.0,0.3333333333333333,0.2,0.1,0.05,0.02,0.01,1.0,1.0,1.0,1.0,1.0,1.0,1.0,1.0,1.0,1.0,1.0,1.0,1.0,1.0,1.0
127,1,1.0,1.0,1.0,1.0,1.0,1.0,1.0,1.0,1.0,1.0,1.0,1.0,1.0,1.0,1.0,0.3333333333333333,0.2,0.1,0.05,0.02,0.01,1.0,1.0,1.0,1.0,1.0,1.0,1.0,1.0,1.0,1.0,1.0,1.0,1.0,1.0,1.0
128,1,0.0,0.0,0.0,0.0,0.0,0.0,0.0,0.0,0.0,0.0,0.0,0.0,0.0,0.0,0.0,0.0,0.0,0.0,0.0,0.0,0.0,0.0,0.0,0.0,0.0,0.0,0.0,0.0,0.0,0.0,0.0,0.0,0.0,0.0,0.0,
129,1,1.0,1.0,1.0,1.0,1.0,1.0,1.0,1.0,1.0,1.0,1.0,1.0,1.0,1.0,1.0,0.3333333333333333,0.2,0.1,0.05,0.02,0.01,1.0,1.0,1.0,1.0,1.0,1.0,1.0,1.0,1.0,1.0,1.0,1.0,1.0,1.0,1.0
130,1,1.0,1.0,1.0,1.0,1.0,1.0,1.0,1.0,1.0,1.0,1.0,1.0,1.0,1.0,1.0,0.3333333333333333,0.2,0.1,0.05,0.02,0.01,1.0,1.0,1.0,1.0,1.0,1.0,1.0,1.0,1.0,1.0,1.0,1.0,1.0,1.0,1.0
132,1,0.0,0.0,0.0,0.0,0.0,0.0,0.0,0.0,0.0,0.0,0.0,0.0,0.0,0.0,0.0,0.0,0.0,0.0,0.0,0.0,0.0,0.0,0.0,0.0,0.0,0.0,0.0,0.0,0.0,0.0,0.0,0.0,0.0,0.0,0.0,
133,5,0.0,0.2960819109658652,0.21398626473452756,0.32097939710179135,0.32097939710179135,0.32097939710179135,0.32097939710179135,0.0,0.2,0.2,0.4,0.4,0.4,0.4,0.0,0.3333333333333333,0.2,0.2,0.1,0.04,0.02,0.0,0.5,0.5,0.5,0.5,0.5,0.5,0.0,0.1,0.1,0.15,0.15,0.15,0.15,2.0
137,1,1.0,1.0,1.0,1.0,1.0,1.0,1.0,1.0,1.0,1.0,1.0,1.0,1.0,1.0,1.0,0.3333333333333333,0.2,0.1,0.05,0.02,0.01,1.0,1.0,1.0,1.0,1.0,1.0,1.0,1.0,1.0,1.0,1.0,1.0,1.0,1.0,1.0
141,2,1.0,0.6131471927654584,0.6131471927654584,0.6131471927654584,0.6131471927654584,0.6131471927654584,0.7192030728953677,0.5,0.5,0.5,0.5,0.5,0.5,1.0,1.0,0.3333333333333333,0.2,0.1,0.05,0.02,0.02,1.0,1.0,1.0,1.0,1.0,1.0,1.0,0.5,0.5,0.5,0.5,0.5,0.5,0.5185185185185185,1.0
142,1,0.0,0.0,0.0,0.0,0.0,0.0,0.1515171524096389,0.0,0.0,0.0,0.0,0.0,0.0,1.0,0.0,0.0,0.0,0.0,0.0,0.0,0.01,0.0,0.0,0.0,0.0,0.0,0.0,0.010416666666666666,0.0,0.0,0.0,0.0,0.0,0.0,0.010416666666666666,96.0
143,1,0.0,0.0,0.0,0.0,0.23540891336663824,0.23540891336663824,0.23540891336663824,0.0,0.0,0.0,0.0,1.0,1.0,1.0,0.0,0.0,0.0,0.0,0.05,0.02,0.01,0.0,0.0,0.0,0.0,0.05555555555555555,0.05555555555555555,0.05555555555555555,0.0,0.0,0.0,0.0,0.05555555555555555,0.05555555555555555,0.05555555555555555,18.0
146,1,1.0,1.0,1.0,1.0,1.0,1.0,1.0,1.0,1.0,1.0,1.0,1.0,1.0,1.0,1.0,0.3333333333333333,0.2,0.1,0.05,0.02,0.01,1.0,1.0,1.0,1.0,1.0,1.0,1.0,1.0,1.0,1.0,1.0,1.0,1.0,1.0,1.0
148,1,1.0,1.0,1.0,1.0,1.0,1.0,1.0,1.0,1.0,1.0,1.0,1.0,1.0,1.0,1.0,0.3333333333333333,0.2,0.1,0.05,0.02,0.01,1.0,1.0,1.0,1.0,1.0,1.0,1.0,1.0,1.0,1.0,1.0,1.0,1.0,1.0,1.0
163,1,0.0,0.6309297535714575,0.6309297535714575,0.6309297535714575,0.6309297535714575,0.6309297535714575,0.6309297535714575,0.0,1.0,1.0,1.0,1.0,1.0,1.0,0.0,0.3333333333333333,0.2,0.1,0.05,0.02,0.01,0.0,0.5,0.5,0.5,0.5,0.5,0.5,0.0,0.5,0.5,0.5,0.5,0.5,0.5,2.0
171,1,1.0,1.0,1.0,1.0,1.0,1.0,1.0,1.0,1.0,1.0,1.0,1.0,1.0,1.0,1.0,0.3333333333333333,0.2,0.1,0.05,0.02,0.01,1.0,1.0,1.0,1.0,1.0,1.0,1.0,1.0,1.0,1.0,1.0,1.0,1.0,1.0,1.0
179,4,1.0,0.46927872602275644,0.7095272044910244,0.7095272044910244,0.7095272044910244,0.7876032144894447,0.7876032144894447,0.25,0.25,0.75,0.75,0.75,1.0,1.0,1.0,0.3333333333333333,0.6,0.3,0.15,0.08,0.04,1.0,1.0,1.0,1.0,1.0,1.0,1.0,0.25,0.25,0.525,0.525,0.525,0.557258064516129,0.557258064516129,1.0
180,1,0.0,0.0,0.0,0.3333333333333333,0.3333333333333333,0.3333333333333333,0.3333333333333333,0.0,0.0,0.0,1.0,1.0,1.0,1.0,0.0,0.0,0.0,0.1,0.05,0.02,0.01,0.0,0.0,0.0,0.14285714285714285,0.14285714285714285,0.14285714285714285,0.14285714285714285,0.0,0.0,0.0,0.14285714285714285,0.14285714285714285,0.14285714285714285,0.14285714285714285,7.0
183,1,0.0,0.0,0.0,0.3562071871080222,0.3562071871080222,0.3562071871080222,0.3562071871080222,0.0,0.0,0.0,1.0,1.0,1.0,1.0,0.0,0.0,0.0,0.1,0.05,0.02,0.01,0.0,0.0,0.0,0.16666666666666666,0.16666666666666666,0.16666666666666666,0.16666666666666666,0.0,0.0,0.0,0.16666666666666666,0.16666666666666666,0.16666666666666666,0.16666666666666666,6.0
185,1,0.0,0.0,0.0,0.0,0.0,0.2103099178571525,0.2103099178571525,0.0,0.0,0.0,0.0,0.0,1.0,1.0,0.0,0.0,0.0,0.0,0.0,0.02,0.01,0.0,0.0,0.0,0.0,0.0,0.038461538461538464,0.038461538461538464,0.0,0.0,0.0,0.0,0.0,0.038461538461538464,0.038461538461538464,26.0
198,1,0.0,0.0,0.38685280723454163,0.38685280723454163,0.38685280723454163,0.38685280723454163,0.38685280723454163,0.0,0.0,1.0,1.0,1.0,1.0,1.0,0.0,0.0,0.2,0.1,0.05,0.02,0.01,0.0,0.0,0.2,0.2,0.2,0.2,0.2,0.0,0.0,0.2,0.2,0.2,0.2,0.2,5.0
208,1,1.0,1.0,1.0,1.0,1.0,1.0,1.0,1.0,1.0,1.0,1.0,1.0,1.0,1.0,1.0,0.3333333333333333,0.2,0.1,0.05,0.02,0.01,1.0,1.0,1.0,1.0,1.0,1.0,1.0,1.0,1.0,1.0,1.0,1.0,1.0,1.0,1.0
212,1,0.0,0.0,0.0,0.0,0.24465054211822604,0.24465054211822604,0.24465054211822604,0.0,0.0,0.0,0.0,1.0,1.0,1.0,0.0,0.0,0.0,0.0,0.05,0.02,0.01,0.0,0.0,0.0,0.0,0.0625,0.0625,0.0625,0.0,0.0,0.0,0.0,0.0625,0.0625,0.0625,16.0
213,1,0.0,0.0,0.0,0.0,0.0,0.0,0.16370565544521565,0.0,0.0,0.0,0.0,0.0,0.0,1.0,0.0,0.0,0.0,0.0,0.0,0.0,0.01,0.0,0.0,0.0,0.0,0.0,0.0,0.014705882352941176,0.0,0.0,0.0,0.0,0.0,0.0,0.014705882352941176,68.0
216,1,0.0,0.0,0.43067655807339306,0.43067655807339306,0.43067655807339306,0.43067655807339306,0.43067655807339306,0.0,0.0,1.0,1.0,1.0,1.0,1.0,0.0,0.0,0.2,0.1,0.05,0.02,0.01,0.0,0.0,0.25,0.25,0.25,0.25,0.25,0.0,0.0,0.25,0.25,0.25,0.25,0.25,4.0
217,1,0.0,0.0,0.38685280723454163,0.38685280723454163,0.38685280723454163,0.38685280723454163,0.38685280723454163,0.0,0.0,1.0,1.0,1.0,1.0,1.0,0.0,0.0,0.2,0.1,0.05,0.02,0.01,0.0,0.0,0.2,0.2,0.2,0.2,0.2,0.0,0.0,0.2,0.2,0.2,0.2,0.2,5.0
218,1,0.0,0.5,0.5,0.5,0.5,0.5,0.5,0.0,1.0,1.0,1.0,1.0,1.0,1.0,0.0,0.3333333333333333,0.2,0.1,0.05,0.02,0.01,0.0,0.3333333333333333,0.3333333333333333,0.3333333333333333,0.3333333333333333,0.3333333333333333,0.3333333333333333,0.0,0.3333333333333333,0.3333333333333333,0.3333333333333333,0.3333333333333333,0.3333333333333333,0.3333333333333333,3.0
219,1,0.0,0.6309297535714575,0.6309297535714575,0.6309297535714575,0.6309297535714575,0.6309297535714575,0.6309297535714575,0.0,1.0,1.0,1.0,1.0,1.0,1.0,0.0,0.3333333333333333,0.2,0.1,0.05,0.02,0.01,0.0,0.5,0.5,0.5,0.5,0.5,0.5,0.0,0.5,0.5,0.5,0.5,0.5,0.5,2.0
230,1,0.0,0.0,0.0,0.0,0.23540891336663824,0.23540891336663824,0.23540891336663824,0.0,0.0,0.0,0.0,1.0,1.0,1.0,0.0,0.0,0.0,0.0,0.05,0.02,0.01,0.0,0.0,0.0,0.0,0.05555555555555555,0.05555555555555555,0.05555555555555555,0.0,0.0,0.0,0.0,0.05555555555555555,0.05555555555555555,0.05555555555555555,18.0
232,1,1.0,1.0,1.0,1.0,1.0,1.0,1.0,1.0,1.0,1.0,1.0,1.0,1.0,1.0,1.0,0.3333333333333333,0.2,0.1,0.05,0.02,0.01,1.0,1.0,1.0,1.0,1.0,1.0,1.0,1.0,1.0,1.0,1.0,1.0,1.0,1.0,1.0
233,1,0.0,0.6309297535714575,0.6309297535714575,0.6309297535714575,0.6309297535714575,0.6309297535714575,0.6309297535714575,0.0,1.0,1.0,1.0,1.0,1.0,1.0,0.0,0.3333333333333333,0.2,0.1,0.05,0.02,0.01,0.0,0.5,0.5,0.5,0.5,0.5,0.5,0.0,0.5,0.5,0.5,0.5,0.5,0.5,2.0
236,1,1.0,1.0,1.0,1.0,1.0,1.0,1.0,1.0,1.0,1.0,1.0,1.0,1.0,1.0,1.0,0.3333333333333333,0.2,0.1,0.05,0.02,0.01,1.0,1.0,1.0,1.0,1.0,1.0,1.0,1.0,1.0,1.0,1.0,1.0,1.0,1.0,1.0
237,1,0.0,0.0,0.0,0.0,0.0,0.0,0.0,0.0,0.0,0.0,0.0,0.0,0.0,0.0,0.0,0.0,0.0,0.0,0.0,0.0,0.0,0.0,0.0,0.0,0.0,0.0,0.0,0.0,0.0,0.0,0.0,0.0,0.0,0.0,0.0,
238,1,0.0,0.6309297535714575,0.6309297535714575,0.6309297535714575,0.6309297535714575,0.6309297535714575,0.6309297535714575,0.0,1.0,1.0,1.0,1.0,1.0,1.0,0.0,0.3333333333333333,0.2,0.1,0.05,0.02,0.01,0.0,0.5,0.5,0.5,0.5,0.5,0.5,0.0,0.5,0.5,0.5,0.5,0.5,0.5,2.0
239,1,0.0,0.0,0.0,0.0,0.0,0.18790182470910757,0.18790182470910757,0.0,0.0,0.0,0.0,0.0,1.0,1.0,0.0,0.0,0.0,0.0,0.0,0.02,0.01,0.0,0.0,0.0,0.0,0.0,0.02564102564102564,0.02564102564102564,0.0,0.0,0.0,0.0,0.0,0.02564102564102564,0.02564102564102564,39.0
248,1,1.0,1.0,1.0,1.0,1.0,1.0,1.0,1.0,1.0,1.0,1.0,1.0,1.0,1.0,1.0,0.3333333333333333,0.2,0.1,0.05,0.02,0.01,1.0,1.0,1.0,1.0,1.0,1.0,1.0,1.0,1.0,1.0,1.0,1.0,1.0,1.0,1.0
249,1,1.0,1.0,1.0,1.0,1.0,1.0,1.0,1.0,1.0,1.0,1.0,1.0,1.0,1.0,1.0,0.3333333333333333,0.2,0.1,0.05,0.02,0.01,1.0,1.0,1.0,1.0,1.0,1.0,1.0,1.0,1.0,1.0,1.0,1.0,1.0,1.0,1.0
261,2,0.0,0.0,0.0,0.17723928678404774,0.17723928678404774,0.2895489987826941,0.2895489987826941,0.0,0.0,0.0,0.5,0.5,1.0,1.0,0.0,0.0,0.0,0.1,0.05,0.04,0.02,0.0,0.0,0.0,0.1,0.1,0.1,0.1,0.0,0.0,0.0,0.05,0.05,0.07325581395348837,0.07325581395348837,10.0
268,1,0.0,0.0,0.0,0.3562071871080222,0.3562071871080222,0.3562071871080222,0.3562071871080222,0.0,0.0,0.0,1.0,1.0,1.0,1.0,0.0,0.0,0.0,0.1,0.05,0.02,0.01,0.0,0.0,0.0,0.16666666666666666,0.16666666666666666,0.16666666666666666,0.16666666666666666,0.0,0.0,0.0,0.16666666666666666,0.16666666666666666,0.16666666666666666,0.16666666666666666,6.0
269,1,0.0,0.0,0.0,0.3010299956639812,0.3010299956639812,0.3010299956639812,0.3010299956639812,0.0,0.0,0.0,1.0,1.0,1.0,1.0,0.0,0.0,0.0,0.1,0.05,0.02,0.01,0.0,0.0,0.0,0.1111111111111111,0.1111111111111111,0.1111111111111111,0.1111111111111111,0.0,0.0,0.0,0.1111111111111111,0.1111111111111111,0.1111111111111111,0.1111111111111111,9.0
274,1,1.0,1.0,1.0,1.0,1.0,1.0,1.0,1.0,1.0,1.0,1.0,1.0,1.0,1.0,1.0,0.3333333333333333,0.2,0.1,0.05,0.02,0.01,1.0,1.0,1.0,1.0,1.0,1.0,1.0,1.0,1.0,1.0,1.0,1.0,1.0,1.0,1.0
275,3,1.0,0.46927872602275644,0.6713860725233041,0.6713860725233041,0.6713860725233041,0.6713860725233041,0.7424898487766951,0.3333333333333333,0.3333333333333333,0.6666666666666666,0.6666666666666666,0.6666666666666666,0.6666666666666666,1.0,1.0,0.3333333333333333,0.4,0.2,0.1,0.04,0.03,1.0,1.0,1.0,1.0,1.0,1.0,1.0,0.3333333333333333,0.3333333333333333,0.5,0.5,0.5,0.5,0.5104166666666666,1.0
279,1,1.0,1.0,1.0,1.0,1.0,1.0,1.0,1.0,1.0,1.0,1.0,1.0,1.0,1.0,1.0,0.3333333333333333,0.2,0.1,0.05,0.02,0.01,1.0,1.0,1.0,1.0,1.0,1.0,1.0,1.0,1.0,1.0,1.0,1.0,1.0,1.0,1.0
294,1,0.0,0.0,0.0,0.3562071871080222,0.3562071871080222,0.3562071871080222,0.3562071871080222,0.0,0.0,0.0,1.0,1.0,1.0,1.0,0.0,0.0,0.0,0.1,0.05,0.02,0.01,0.0,0.0,0.0,0.16666666666666666,0.16666666666666666,0.16666666666666666,0.16666666666666666,0.0,0.0,0.0,0.16666666666666666,0.16666666666666666,0.16666666666666666,0.16666666666666666,6.0
295,1,0.0,0.0,0.0,0.0,0.27894294565112987,0.27894294565112987,0.27894294565112987,0.0,0.0,0.0,0.0,1.0,1.0,1.0,0.0,0.0,0.0,0.0,0.05,0.02,0.01,0.0,0.0,0.0,0.0,0.09090909090909091,0.09090909090909091,0.09090909090909091,0.0,0.0,0.0,0.0,0.09090909090909091,0.09090909090909091,0.09090909090909091,11.0
298,1,1.0,1.0,1.0,1.0,1.0,1.0,1.0,1.0,1.0,1.0,1.0,1.0,1.0,1.0,1.0,0.3333333333333333,0.2,0.1,0.05,0.02,0.01,1.0,1.0,1.0,1.0,1.0,1.0,1.0,1.0,1.0,1.0,1.0,1.0,1.0,1.0,1.0
300,1,0.0,0.0,0.0,0.0,0.0,0.2,0.2,0.0,0.0,0.0,0.0,0.0,1.0,1.0,0.0,0.0,0.0,0.0,0.0,0.02,0.01,0.0,0.0,0.0,0.0,0.0,0.03225806451612903,0.03225806451612903,0.0,0.0,0.0,0.0,0.0,0.03225806451612903,0.03225806451612903,31.0
303,1,0.0,0.0,0.0,0.0,0.0,0.17718382013555792,0.17718382013555792,0.0,0.0,0.0,0.0,0.0,1.0,1.0,0.0,0.0,0.0,0.0,0.0,0.02,0.01,0.0,0.0,0.0,0.0,0.0,0.02040816326530612,0.02040816326530612,0.0,0.0,0.0,0.0,0.0,0.02040816326530612,0.02040816326530612,49.0
312,1,0.0,0.0,0.0,0.0,0.0,0.0,0.0,0.0,0.0,0.0,0.0,0.0,0.0,0.0,0.0,0.0,0.0,0.0,0.0,0.0,0.0,0.0,0.0,0.0,0.0,0.0,0.0,0.0,0.0,0.0,0.0,0.0,0.0,0.0,0.0,
314,1,0.0,0.0,0.0,0.0,0.0,0.1905514124267734,0.1905514124267734,0.0,0.0,0.0,0.0,0.0,1.0,1.0,0.0,0.0,0.0,0.0,0.0,0.02,0.01,0.0,0.0,0.0,0.0,0.0,0.02702702702702703,0.02702702702702703,0.0,0.0,0.0,0.0,0.0,0.02702702702702703,0.02702702702702703,37.0
324,1,0.0,0.0,0.0,0.0,0.0,0.0,0.0,0.0,0.0,0.0,0.0,0.0,0.0,0.0,0.0,0.0,0.0,0.0,0.0,0.0,0.0,0.0,0.0,0.0,0.0,0.0,0.0,0.0,0.0,0.0,0.0,0.0,0.0,0.0,0.0,
327,1,1.0,1.0,1.0,1.0,1.0,1.0,1.0,1.0,1.0,1.0,1.0,1.0,1.0,1.0,1.0,0.3333333333333333,0.2,0.1,0.05,0.02,0.01,1.0,1.0,1.0,1.0,1.0,1.0,1.0,1.0,1.0,1.0,1.0,1.0,1.0,1.0,1.0
338,1,0.0,0.6309297535714575,0.6309297535714575,0.6309297535714575,0.6309297535714575,0.6309297535714575,0.6309297535714575,0.0,1.0,1.0,1.0,1.0,1.0,1.0,0.0,0.3333333333333333,0.2,0.1,0.05,0.02,0.01,0.0,0.5,0.5,0.5,0.5,0.5,0.5,0.0,0.5,0.5,0.5,0.5,0.5,0.5,2.0
343,2,0.0,0.3065735963827292,0.3065735963827292,0.5249810332008933,0.5249810332008933,0.5249810332008933,0.5249810332008933,0.0,0.5,0.5,1.0,1.0,1.0,1.0,0.0,0.3333333333333333,0.2,0.2,0.1,0.04,0.02,0.0,0.3333333333333333,0.3333333333333333,0.3333333333333333,0.3333333333333333,0.3333333333333333,0.3333333333333333,0.0,0.16666666666666666,0.16666666666666666,0.3333333333333333,0.3333333333333333,0.3333333333333333,0.3333333333333333,3.0
350,1,1.0,1.0,1.0,1.0,1.0,1.0,1.0,1.0,1.0,1.0,1.0,1.0,1.0,1.0,1.0,0.3333333333333333,0.2,0.1,0.05,0.02,0.01,1.0,1.0,1.0,1.0,1.0,1.0,1.0,1.0,1.0,1.0,1.0,1.0,1.0,1.0,1.0
354,1,1.0,1.0,1.0,1.0,1.0,1.0,1.0,1.0,1.0,1.0,1.0,1.0,1.0,1.0,1.0,0.3333333333333333,0.2,0.1,0.05,0.02,0.01,1.0,1.0,1.0,1.0,1.0,1.0,1.0,1.0,1.0,1.0,1.0,1.0,1.0,1.0,1.0
362,1,0.0,0.0,0.0,0.0,0.0,0.20184908658209985,0.20184908658209985,0.0,0.0,0.0,0.0,0.0,1.0,1.0,0.0,0.0,0.0,0.0,0.0,0.02,0.01,0.0,0.0,0.0,0.0,0.0,0.03333333333333333,0.03333333333333333,0.0,0.0,0.0,0.0,0.0,0.03333333333333333,0.03333333333333333,30.0
380,1,0.0,0.0,0.0,0.3333333333333333,0.3333333333333333,0.3333333333333333,0.3333333333333333,0.0,0.0,0.0,1.0,1.0,1.0,1.0,0.0,0.0,0.0,0.1,0.05,0.02,0.01,0.0,0.0,0.0,0.14285714285714285,0.14285714285714285,0.14285714285714285,0.14285714285714285,0.0,0.0,0.0,0.14285714285714285,0.14285714285714285,0.14285714285714285,0.14285714285714285,7.0
384,1,0.0,0.0,0.0,0.0,0.0,0.0,0.0,0.0,0.0,0.0,0.0,0.0,0.0,0.0,0.0,0.0,0.0,0.0,0.0,0.0,0.0,0.0,0.0,0.0,0.0,0.0,0.0,0.0,0.0,0.0,0.0,0.0,0.0,0.0,0.0,
385,2,0.0,0.0,0.0,0.0,0.0,0.11600766930798434,0.11600766930798434,0.0,0.0,0.0,0.0,0.0,0.5,0.5,0.0,0.0,0.0,0.0,0.0,0.02,0.01,0.0,0.0,0.0,0.0,0.0,0.02631578947368421,0.02631578947368421,0.0,0.0,0.0,0.0,0.0,0.013157894736842105,0.013157894736842105,38.0
386,1,0.0,0.6309297535714575,0.6309297535714575,0.6309297535714575,0.6309297535714575,0.6309297535714575,0.6309297535714575,0.0,1.0,1.0,1.0,1.0,1.0,1.0,0.0,0.3333333333333333,0.2,0.1,0.05,0.02,0.01,0.0,0.5,0.5,0.5,0.5,0.5,0.5,0.0,0.5,0.5,0.5,0.5,0.5,0.5,2.0
388,1,0.0,0.0,0.0,0.2890648263178879,0.2890648263178879,0.2890648263178879,0.2890648263178879,0.0,0.0,0.0,1.0,1.0,1.0,1.0,0.0,0.0,0.0,0.1,0.05,0.02,0.01,0.0,0.0,0.0,0.1,0.1,0.1,0.1,0.0,0.0,0.0,0.1,0.1,0.1,0.1,10.0
399,1,1.0,1.0,1.0,1.0,1.0,1.0,1.0,1.0,1.0,1.0,1.0,1.0,1.0,1.0,1.0,0.3333333333333333,0.2,0.1,0.05,0.02,0.01,1.0,1.0,1.0,1.0,1.0,1.0,1.0,1.0,1.0,1.0,1.0,1.0,1.0,1.0,1.0
410,1,1.0,1.0,1.0,1.0,1.0,1.0,1.0,1.0,1.0,1.0,1.0,1.0,1.0,1.0,1.0,0.3333333333333333,0.2,0.1,0.05,0.02,0.01,1.0,1.0,1.0,1.0,1.0,1.0,1.0,1.0,1.0,1.0,1.0,1.0,1.0,1.0,1.0
411,1,1.0,1.0,1.0,1.0,1.0,1.0,1.0,1.0,1.0,1.0,1.0,1.0,1.0,1.0,1.0,0.3333333333333333,0.2,0.1,0.05,0.02,0.01,1.0,1.0,1.0,1.0,1.0,1.0,1.0,1.0,1.0,1.0,1.0,1.0,1.0,1.0,1.0
415,1,0.0,0.0,0.0,0.0,0.0,0.0,0.0,0.0,0.0,0.0,0.0,0.0,0.0,0.0,0.0,0.0,0.0,0.0,0.0,0.0,0.0,0.0,0.0,0.0,0.0,0.0,0.0,0.0,0.0,0.0,0.0,0.0,0.0,0.0,0.0,
421,1,0.0,0.0,0.0,0.0,0.0,0.0,0.0,0.0,0.0,0.0,0.0,0.0,0.0,0.0,0.0,0.0,0.0,0.0,0.0,0.0,0.0,0.0,0.0,0.0,0.0,0.0,0.0,0.0,0.0,0.0,0.0,0.0,0.0,0.0,0.0,
431,1,0.0,0.0,0.0,0.0,0.0,0.22424382421757544,0.22424382421757544,0.0,0.0,0.0,0.0,0.0,1.0,1.0,0.0,0.0,0.0,0.0,0.0,0.02,0.01,0.0,0.0,0.0,0.0,0.0,0.047619047619047616,0.047619047619047616,0.0,0.0,0.0,0.0,0.0,0.047619047619047616,0.047619047619047616,21.0
436,1,0.0,0.0,0.0,0.3333333333333333,0.3333333333333333,0.3333333333333333,0.3333333333333333,0.0,0.0,0.0,1.0,1.0,1.0,1.0,0.0,0.0,0.0,0.1,0.05,0.02,0.01,0.0,0.0,0.0,0.14285714285714285,0.14285714285714285,0.14285714285714285,0.14285714285714285,0.0,0.0,0.0,0.14285714285714285,0.14285714285714285,0.14285714285714285,0.14285714285714285,7.0
437,1,0.0,0.0,0.0,0.0,0.0,0.0,0.0,0.0,0.0,0.0,0.0,0.0,0.0,0.0,0.0,0.0,0.0,0.0,0.0,0.0,0.0,0.0,0.0,0.0,0.0,0.0,0.0,0.0,0.0,0.0,0.0,0.0,0.0,0.0,0.0,
439,1,1.0,1.0,1.0,1.0,1.0,1.0,1.0,1.0,1.0,1.0,1.0,1.0,1.0,1.0,1.0,0.3333333333333333,0.2,0.1,0.05,0.02,0.01,1.0,1.0,1.0,1.0,1.0,1.0,1.0,1.0,1.0,1.0,1.0,1.0,1.0,1.0,1.0
440,1,1.0,1.0,1.0,1.0,1.0,1.0,1.0,1.0,1.0,1.0,1.0,1.0,1.0,1.0,1.0,0.3333333333333333,0.2,0.1,0.05,0.02,0.01,1.0,1.0,1.0,1.0,1.0,1.0,1.0,1.0,1.0,1.0,1.0,1.0,1.0,1.0,1.0
443,1,1.0,1.0,1.0,1.0,1.0,1.0,1.0,1.0,1.0,1.0,1.0,1.0,1.0,1.0,1.0,0.3333333333333333,0.2,0.1,0.05,0.02,0.01,1.0,1.0,1.0,1.0,1.0,1.0,1.0,1.0,1.0,1.0,1.0,1.0,1.0,1.0,1.0
452,2,0.0,0.0,0.0,0.19342640361727081,0.19342640361727081,0.19342640361727081,0.19342640361727081,0.0,0.0,0.0,0.5,0.5,0.5,0.5,0.0,0.0,0.0,0.1,0.05,0.02,0.01,0.0,0.0,0.0,0.125,0.125,0.125,0.125,0.0,0.0,0.0,0.0625,0.0625,0.0625,0.0625,8.0
475,1,1.0,1.0,1.0,1.0,1.0,1.0,1.0,1.0,1.0,1.0,1.0,1.0,1.0,1.0,1.0,0.3333333333333333,0.2,0.1,0.05,0.02,0.01,1.0,1.0,1.0,1.0,1.0,1.0,1.0,1.0,1.0,1.0,1.0,1.0,1.0,1.0,1.0
478,1,0.0,0.0,0.0,0.0,0.0,0.0,0.16005307325482135,0.0,0.0,0.0,0.0,0.0,0.0,1.0,0.0,0.0,0.0,0.0,0.0,0.0,0.01,0.0,0.0,0.0,0.0,0.0,0.0,0.013333333333333334,0.0,0.0,0.0,0.0,0.0,0.0,0.013333333333333334,75.0
491,1,1.0,1.0,1.0,1.0,1.0,1.0,1.0,1.0,1.0,1.0,1.0,1.0,1.0,1.0,1.0,0.3333333333333333,0.2,0.1,0.05,0.02,0.01,1.0,1.0,1.0,1.0,1.0,1.0,1.0,1.0,1.0,1.0,1.0,1.0,1.0,1.0,1.0
501,1,0.0,0.0,0.0,0.0,0.23540891336663824,0.23540891336663824,0.23540891336663824,0.0,0.0,0.0,0.0,1.0,1.0,1.0,0.0,0.0,0.0,0.0,0.05,0.02,0.01,0.0,0.0,0.0,0.0,0.05555555555555555,0.05555555555555555,0.05555555555555555,0.0,0.0,0.0,0.0,0.05555555555555555,0.05555555555555555,0.05555555555555555,18.0
502,1,0.0,0.0,0.0,0.0,0.0,0.0,0.0,0.0,0.0,0.0,0.0,0.0,0.0,0.0,0.0,0.0,0.0,0.0,0.0,0.0,0.0,0.0,0.0,0.0,0.0,0.0,0.0,0.0,0.0,0.0,0.0,0.0,0.0,0.0,0.0,
507,1,0.0,0.0,0.0,0.0,0.0,0.22106472945750374,0.22106472945750374,0.0,0.0,0.0,0.0,0.0,1.0,1.0,0.0,0.0,0.0,0.0,0.0,0.02,0.01,0.0,0.0,0.0,0.0,0.0,0.045454545454545456,0.045454545454545456,0.0,0.0,0.0,0.0,0.0,0.045454545454545456,0.045454545454545456,22.0
508,1,0.0,0.0,0.0,0.0,0.0,0.0,0.0,0.0,0.0,0.0,0.0,0.0,0.0,0.0,0.0,0.0,0.0,0.0,0.0,0.0,0.0,0.0,0.0,0.0,0.0,0.0,0.0,0.0,0.0,0.0,0.0,0.0,0.0,0.0,0.0,
513,1,0.0,0.5,0.5,0.5,0.5,0.5,0.5,0.0,1.0,1.0,1.0,1.0,1.0,1.0,0.0,0.3333333333333333,0.2,0.1,0.05,0.02,0.01,0.0,0.3333333333333333,0.3333333333333333,0.3333333333333333,0.3333333333333333,0.3333333333333333,0.3333333333333333,0.0,0.3333333333333333,0.3333333333333333,0.3333333333333333,0.3333333333333333,0.3333333333333333,0.3333333333333333,3.0
514,1,0.0,0.0,0.0,0.0,0.27894294565112987,0.27894294565112987,0.27894294565112987,0.0,0.0,0.0,0.0,1.0,1.0,1.0,0.0,0.0,0.0,0.0,0.05,0.02,0.01,0.0,0.0,0.0,0.0,0.09090909090909091,0.09090909090909091,0.09090909090909091,0.0,0.0,0.0,0.0,0.09090909090909091,0.09090909090909091,0.09090909090909091,11.0
516,1,0.0,0.0,0.0,0.3333333333333333,0.3333333333333333,0.3333333333333333,0.3333333333333333,0.0,0.0,0.0,1.0,1.0,1.0,1.0,0.0,0.0,0.0,0.1,0.05,0.02,0.01,0.0,0.0,0.0,0.14285714285714285,0.14285714285714285,0.14285714285714285,0.14285714285714285,0.0,0.0,0.0,0.14285714285714285,0.14285714285714285,0.14285714285714285,0.14285714285714285,7.0
517,1,0.0,0.0,0.0,0.0,0.0,0.0,0.0,0.0,0.0,0.0,0.0,0.0,0.0,0.0,0.0,0.0,0.0,0.0,0.0,0.0,0.0,0.0,0.0,0.0,0.0,0.0,0.0,0.0,0.0,0.0,0.0,0.0,0.0,0.0,0.0,
521,1,0.0,0.0,0.0,0.0,0.227670248696953,0.227670248696953,0.227670248696953,0.0,0.0,0.0,0.0,1.0,1.0,1.0,0.0,0.0,0.0,0.0,0.05,0.02,0.01,0.0,0.0,0.0,0.0,0.05,0.05,0.05,0.0,0.0,0.0,0.0,0.05,0.05,0.05,20.0
525,1,1.0,1.0,1.0,1.0,1.0,1.0,1.0,1.0,1.0,1.0,1.0,1.0,1.0,1.0,1.0,0.3333333333333333,0.2,0.1,0.05,0.02,0.01,1.0,1.0,1.0,1.0,1.0,1.0,1.0,1.0,1.0,1.0,1.0,1.0,1.0,1.0,1.0
527,1,0.0,0.0,0.0,0.0,0.0,0.0,0.17144160057391347,0.0,0.0,0.0,0.0,0.0,0.0,1.0,0.0,0.0,0.0,0.0,0.0,0.0,0.01,0.0,0.0,0.0,0.0,0.0,0.0,0.017857142857142856,0.0,0.0,0.0,0.0,0.0,0.0,0.017857142857142856,56.0
528,1,0.0,0.0,0.0,0.31546487678572877,0.31546487678572877,0.31546487678572877,0.31546487678572877,0.0,0.0,0.0,1.0,1.0,1.0,1.0,0.0,0.0,0.0,0.1,0.05,0.02,0.01,0.0,0.0,0.0,0.125,0.125,0.125,0.125,0.0,0.0,0.0,0.125,0.125,0.125,0.125,8.0
532,1,0.0,0.0,0.43067655807339306,0.43067655807339306,0.43067655807339306,0.43067655807339306,0.43067655807339306,0.0,0.0,1.0,1.0,1.0,1.0,1.0,0.0,0.0,0.2,0.1,0.05,0.02,0.01,0.0,0.0,0.25,0.25,0.25,0.25,0.25,0.0,0.0,0.25,0.25,0.25,0.25,0.25,4.0
533,1,0.0,0.0,0.0,0.3333333333333333,0.3333333333333333,0.3333333333333333,0.3333333333333333,0.0,0.0,0.0,1.0,1.0,1.0,1.0,0.0,0.0,0.0,0.1,0.05,0.02,0.01,0.0,0.0,0.0,0.14285714285714285,0.14285714285714285,0.14285714285714285,0.14285714285714285,0.0,0.0,0.0,0.14285714285714285,0.14285714285714285,0.14285714285714285,0.14285714285714285,7.0
535,1,0.0,0.0,0.0,0.0,0.0,0.1810425967800402,0.1810425967800402,0.0,0.0,0.0,0.0,0.0,1.0,1.0,0.0,0.0,0.0,0.0,0.0,0.02,0.01,0.0,0.0,0.0,0.0,0.0,0.022222222222222223,0.022222222222222223,0.0,0.0,0.0,0.0,0.0,0.022222222222222223,0.022222222222222223,45.0
536,1,1.0,1.0,1.0,1.0,1.0,1.0,1.0,1.0,1.0,1.0,1.0,1.0,1.0,1.0,1.0,0.3333333333333333,0.2,0.1,0.05,0.02,0.01,1.0,1.0,1.0,1.0,1.0,1.0,1.0,1.0,1.0,1.0,1.0,1.0,1.0,1.0,1.0
539,1,1.0,1.0,1.0,1.0,1.0,1.0,1.0,1.0,1.0,1.0,1.0,1.0,1.0,1.0,1.0,0.3333333333333333,0.2,0.1,0.05,0.02,0.01,1.0,1.0,1.0,1.0,1.0,1.0,1.0,1.0,1.0,1.0,1.0,1.0,1.0,1.0,1.0
540,2,1.0,0.6131471927654584,0.6131471927654584,0.6131471927654584,0.6131471927654584,0.6131471927654584,0.6131471927654584,0.5,0.5,0.5,0.5,0.5,0.5,0.5,1.0,0.3333333333333333,0.2,0.1,0.05,0.02,0.01,1.0,1.0,1.0,1.0,1.0,1.0,1.0,0.5,0.5,0.5,0.5,0.5,0.5,0.5,1.0
544,1,0.0,0.0,0.0,0.3562071871080222,0.3562071871080222,0.3562071871080222,0.3562071871080222,0.0,0.0,0.0,1.0,1.0,1.0,1.0,0.0,0.0,0.0,0.1,0.05,0.02,0.01,0.0,0.0,0.0,0.16666666666666666,0.16666666666666666,0.16666666666666666,0.16666666666666666,0.0,0.0,0.0,0.16666666666666666,0.16666666666666666,0.16666666666666666,0.16666666666666666,6.0
549,1,0.0,0.6309297535714575,0.6309297535714575,0.6309297535714575,0.6309297535714575,0.6309297535714575,0.6309297535714575,0.0,1.0,1.0,1.0,1.0,1.0,1.0,0.0,0.3333333333333333,0.2,0.1,0.05,0.02,0.01,0.0,0.5,0.5,0.5,0.5,0.5,0.5,0.0,0.5,0.5,0.5,0.5,0.5,0.5,2.0
551,1,1.0,1.0,1.0,1.0,1.0,1.0,1.0,1.0,1.0,1.0,1.0,1.0,1.0,1.0,1.0,0.3333333333333333,0.2,0.1,0.05,0.02,0.01,1.0,1.0,1.0,1.0,1.0,1.0,1.0,1.0,1.0,1.0,1.0,1.0,1.0,1.0,1.0
552,1,0.0,0.5,0.5,0.5,0.5,0.5,0.5,0.0,1.0,1.0,1.0,1.0,1.0,1.0,0.0,0.3333333333333333,0.2,0.1,0.05,0.02,0.01,0.0,0.3333333333333333,0.3333333333333333,0.3333333333333333,0.3333333333333333,0.3333333333333333,0.3333333333333333,0.0,0.3333333333333333,0.3333333333333333,0.3333333333333333,0.3333333333333333,0.3333333333333333,0.3333333333333333,3.0
554,1,0.0,0.0,0.0,0.0,0.0,0.0,0.0,0.0,0.0,0.0,0.0,0.0,0.0,0.0,0.0,0.0,0.0,0.0,0.0,0.0,0.0,0.0,0.0,0.0,0.0,0.0,0.0,0.0,0.0,0.0,0.0,0.0,0.0,0.0,0.0,
560,1,0.0,0.0,0.0,0.0,0.0,0.0,0.0,0.0,0.0,0.0,0.0,0.0,0.0,0.0,0.0,0.0,0.0,0.0,0.0,0.0,0.0,0.0,0.0,0.0,0.0,0.0,0.0,0.0,0.0,0.0,0.0,0.0,0.0,0.0,0.0,
569,1,0.0,0.0,0.0,0.31546487678572877,0.31546487678572877,0.31546487678572877,0.31546487678572877,0.0,0.0,0.0,1.0,1.0,1.0,1.0,0.0,0.0,0.0,0.1,0.05,0.02,0.01,0.0,0.0,0.0,0.125,0.125,0.125,0.125,0.0,0.0,0.0,0.125,0.125,0.125,0.125,8.0
575,1,1.0,1.0,1.0,1.0,1.0,1.0,1.0,1.0,1.0,1.0,1.0,1.0,1.0,1.0,1.0,0.3333333333333333,0.2,0.1,0.05,0.02,0.01,1.0,1.0,1.0,1.0,1.0,1.0,1.0,1.0,1.0,1.0,1.0,1.0,1.0,1.0,1.0
577,1,1.0,1.0,1.0,1.0,1.0,1.0,1.0,1.0,1.0,1.0,1.0,1.0,1.0,1.0,1.0,0.3333333333333333,0.2,0.1,0.05,0.02,0.01,1.0,1.0,1.0,1.0,1.0,1.0,1.0,1.0,1.0,1.0,1.0,1.0,1.0,1.0,1.0
578,1,0.0,0.5,0.5,0.5,0.5,0.5,0.5,0.0,1.0,1.0,1.0,1.0,1.0,1.0,0.0,0.3333333333333333,0.2,0.1,0.05,0.02,0.01,0.0,0.3333333333333333,0.3333333333333333,0.3333333333333333,0.3333333333333333,0.3333333333333333,0.3333333333333333,0.0,0.3333333333333333,0.3333333333333333,0.3333333333333333,0.3333333333333333,0.3333333333333333,0.3333333333333333,3.0
587,1,0.0,0.5,0.5,0.5,0.5,0.5,0.5,0.0,1.0,1.0,1.0,1.0,1.0,1.0,0.0,0.3333333333333333,0.2,0.1,0.05,0.02,0.01,0.0,0.3333333333333333,0.3333333333333333,0.3333333333333333,0.3333333333333333,0.3333333333333333,0.3333333333333333,0.0,0.3333333333333333,0.3333333333333333,0.3333333333333333,0.3333333333333333,0.3333333333333333,0.3333333333333333,3.0
589,1,1.0,1.0,1.0,1.0,1.0,1.0,1.0,1.0,1.0,1.0,1.0,1.0,1.0,1.0,1.0,0.3333333333333333,0.2,0.1,0.05,0.02,0.01,1.0,1.0,1.0,1.0,1.0,1.0,1.0,1.0,1.0,1.0,1.0,1.0,1.0,1.0,1.0
593,1,0.0,0.6309297535714575,0.6309297535714575,0.6309297535714575,0.6309297535714575,0.6309297535714575,0.6309297535714575,0.0,1.0,1.0,1.0,1.0,1.0,1.0,0.0,0.3333333333333333,0.2,0.1,0.05,0.02,0.01,0.0,0.5,0.5,0.5,0.5,0.5,0.5,0.0,0.5,0.5,0.5,0.5,0.5,0.5,2.0
597,3,1.0,0.46927872602275644,0.46927872602275644,0.617319681505689,0.617319681505689,0.617319681505689,0.6977735774103174,0.3333333333333333,0.3333333333333333,0.3333333333333333,0.6666666666666666,0.6666666666666666,0.6666666666666666,1.0,1.0,0.3333333333333333,0.2,0.2,0.1,0.04,0.03,1.0,1.0,1.0,1.0,1.0,1.0,1.0,0.3333333333333333,0.3333333333333333,0.3333333333333333,0.4166666666666667,0.4166666666666667,0.4166666666666667,0.43452380952380953,1.0
598,1,0.0,0.0,0.43067655807339306,0.43067655807339306,0.43067655807339306,0.43067655807339306,0.43067655807339306,0.0,0.0,1.0,1.0,1.0,1.0,1.0,0.0,0.0,0.2,0.1,0.05,0.02,0.01,0.0,0.0,0.25,0.25,0.25,0.25,0.25,0.0,0.0,0.25,0.25,0.25,0.25,0.25,4.0
613,1,1.0,1.0,1.0,1.0,1.0,1.0,1.0,1.0,1.0,1.0,1.0,1.0,1.0,1.0,1.0,0.3333333333333333,0.2,0.1,0.05,0.02,0.01,1.0,1.0,1.0,1.0,1.0,1.0,1.0,1.0,1.0,1.0,1.0,1.0,1.0,1.0,1.0
619,2,0.0,0.0,0.0,0.0,0.0,0.12052121300895162,0.12052121300895162,0.0,0.0,0.0,0.0,0.0,0.5,0.5,0.0,0.0,0.0,0.0,0.0,0.02,0.01,0.0,0.0,0.0,0.0,0.0,0.030303030303030304,0.030303030303030304,0.0,0.0,0.0,0.0,0.0,0.015151515151515152,0.015151515151515152,33.0
623,1,0.0,0.0,0.0,0.0,0.25,0.25,0.25,0.0,0.0,0.0,0.0,1.0,1.0,1.0,0.0,0.0,0.0,0.0,0.05,0.02,0.01,0.0,0.0,0.0,0.0,0.06666666666666667,0.06666666666666667,0.06666666666666667,0.0,0.0,0.0,0.0,0.06666666666666667,0.06666666666666667,0.06666666666666667,15.0
628,1,0.0,0.0,0.38685280723454163,0.38685280723454163,0.38685280723454163,0.38685280723454163,0.38685280723454163,0.0,0.0,1.0,1.0,1.0,1.0,1.0,0.0,0.0,0.2,0.1,0.05,0.02,0.01,0.0,0.0,0.2,0.2,0.2,0.2,0.2,0.0,0.0,0.2,0.2,0.2,0.2,0.2,5.0
636,1,1.0,1.0,1.0,1.0,1.0,1.0,1.0,1.0,1.0,1.0,1.0,1.0,1.0,1.0,1.0,0.3333333333333333,0.2,0.1,0.05,0.02,0.01,1.0,1.0,1.0,1.0,1.0,1.0,1.0,1.0,1.0,1.0,1.0,1.0,1.0,1.0,1.0
637,1,0.0,0.0,0.0,0.0,0.0,0.2,0.2,0.0,0.0,0.0,0.0,0.0,1.0,1.0,0.0,0.0,0.0,0.0,0.0,0.02,0.01,0.0,0.0,0.0,0.0,0.0,0.03225806451612903,0.03225806451612903,0.0,0.0,0.0,0.0,0.0,0.03225806451612903,0.03225806451612903,31.0
641,2,1.0,0.6131471927654584,0.8772153153380493,0.8772153153380493,0.8772153153380493,0.8772153153380493,0.8772153153380493,0.5,0.5,1.0,1.0,1.0,1.0,1.0,1.0,0.3333333333333333,0.4,0.2,0.1,0.04,0.02,1.0,1.0,1.0,1.0,1.0,1.0,1.0,0.5,0.5,0.75,0.75,0.75,0.75,0.75,1.0
644,1,0.0,0.0,0.0,0.0,0.0,0.0,0.15520856277015513,0.0,0.0,0.0,0.0,0.0,0.0,1.0,0.0,0.0,0.0,0.0,0.0,0.0,0.01,0.0,0.0,0.0,0.0,0.0,0.0,0.011627906976744186,0.0,0.0,0.0,0.0,0.0,0.0,0.011627906976744186,86.0
649,1,0.0,0.0,0.0,0.0,0.0,0.21810429198553155,0.21810429198553155,0.0,0.0,0.0,0.0,0.0,1.0,1.0,0.0,0.0,0.0,0.0,0.0,0.02,0.01,0.0,0.0,0.0,0.0,0.0,0.043478260869565216,0.043478260869565216,0.0,0.0,0.0,0.0,0.0,0.043478260869565216,0.043478260869565216,23.0
659,1,0.0,0.0,0.0,0.0,0.0,0.0,0.0,0.0,0.0,0.0,0.0,0.0,0.0,0.0,0.0,0.0,0.0,0.0,0.0,0.0,0.0,0.0,0.0,0.0,0.0,0.0,0.0,0.0,0.0,0.0,0.0,0.0,0.0,0.0,0.0,
660,1,0.0,0.0,0.0,0.0,0.0,0.0,0.0,0.0,0.0,0.0,0.0,0.0,0.0,0.0,0.0,0.0,0.0,0.0,0.0,0.0,0.0,0.0,0.0,0.0,0.0,0.0,0.0,0.0,0.0,0.0,0.0,0.0,0.0,0.0,0.0,
674,1,0.0,0.0,0.0,0.3562071871080222,0.3562071871080222,0.3562071871080222,0.3562071871080222,0.0,0.0,0.0,1.0,1.0,1.0,1.0,0.0,0.0,0.0,0.1,0.05,0.02,0.01,0.0,0.0,0.0,0.16666666666666666,0.16666666666666666,0.16666666666666666,0.16666666666666666,0.0,0.0,0.0,0.16666666666666666,0.16666666666666666,0.16666666666666666,0.16666666666666666,6.0
684,1,0.0,0.0,0.0,0.0,0.0,0.0,0.0,0.0,0.0,0.0,0.0,0.0,0.0,0.0,0.0,0.0,0.0,0.0,0.0,0.0,0.0,0.0,0.0,0.0,0.0,0.0,0.0,0.0,0.0,0.0,0.0,0.0,0.0,0.0,0.0,
690,1,0.0,0.6309297535714575,0.6309297535714575,0.6309297535714575,0.6309297535714575,0.6309297535714575,0.6309297535714575,0.0,1.0,1.0,1.0,1.0,1.0,1.0,0.0,0.3333333333333333,0.2,0.1,0.05,0.02,0.01,0.0,0.5,0.5,0.5,0.5,0.5,0.5,0.0,0.5,0.5,0.5,0.5,0.5,0.5,2.0
691,1,0.0,0.5,0.5,0.5,0.5,0.5,0.5,0.0,1.0,1.0,1.0,1.0,1.0,1.0,0.0,0.3333333333333333,0.2,0.1,0.05,0.02,0.01,0.0,0.3333333333333333,0.3333333333333333,0.3333333333333333,0.3333333333333333,0.3333333333333333,0.3333333333333333,0.0,0.3333333333333333,0.3333333333333333,0.3333333333333333,0.3333333333333333,0.3333333333333333,0.3333333333333333,3.0
692,1,0.0,0.0,0.0,0.0,0.0,0.0,0.0,0.0,0.0,0.0,0.0,0.0,0.0,0.0,0.0,0.0,0.0,0.0,0.0,0.0,0.0,0.0,0.0,0.0,0.0,0.0,0.0,0.0,0.0,0.0,0.0,0.0,0.0,0.0,0.0,
693,1,0.0,0.0,0.0,0.3562071871080222,0.3562071871080222,0.3562071871080222,0.3562071871080222,0.0,0.0,0.0,1.0,1.0,1.0,1.0,0.0,0.0,0.0,0.1,0.05,0.02,0.01,0.0,0.0,0.0,0.16666666666666666,0.16666666666666666,0.16666666666666666,0.16666666666666666,0.0,0.0,0.0,0.16666666666666666,0.16666666666666666,0.16666666666666666,0.16666666666666666,6.0
700,1,0.0,0.0,0.0,0.3562071871080222,0.3562071871080222,0.3562071871080222,0.3562071871080222,0.0,0.0,0.0,1.0,1.0,1.0,1.0,0.0,0.0,0.0,0.1,0.05,0.02,0.01,0.0,0.0,0.0,0.16666666666666666,0.16666666666666666,0.16666666666666666,0.16666666666666666,0.0,0.0,0.0,0.16666666666666666,0.16666666666666666,0.16666666666666666,0.16666666666666666,6.0
702,1,0.0,0.0,0.0,0.0,0.0,0.1905514124267734,0.1905514124267734,0.0,0.0,0.0,0.0,0.0,1.0,1.0,0.0,0.0,0.0,0.0,0.0,0.02,0.01,0.0,0.0,0.0,0.0,0.0,0.02702702702702703,0.02702702702702703,0.0,0.0,0.0,0.0,0.0,0.02702702702702703,0.02702702702702703,37.0
715,1,0.0,0.0,0.0,0.0,0.0,0.19195872000656014,0.19195872000656014,0.0,0.0,0.0,0.0,0.0,1.0,1.0,0.0,0.0,0.0,0.0,0.0,0.02,0.01,0.0,0.0,0.0,0.0,0.0,0.027777777777777776,0.027777777777777776,0.0,0.0,0.0,0.0,0.0,0.027777777777777776,0.027777777777777776,36.0
716,1,0.0,0.0,0.0,0.0,0.0,0.0,0.0,0.0,0.0,0.0,0.0,0.0,0.0,0.0,0.0,0.0,0.0,0.0,0.0,0.0,0.0,0.0,0.0,0.0,0.0,0.0,0.0,0.0,0.0,0.0,0.0,0.0,0.0,0.0,0.0,
718,1,0.0,0.0,0.0,0.0,0.0,0.0,0.16260831227163416,0.0,0.0,0.0,0.0,0.0,0.0,1.0,0.0,0.0,0.0,0.0,0.0,0.0,0.01,0.0,0.0,0.0,0.0,0.0,0.0,0.014285714285714285,0.0,0.0,0.0,0.0,0.0,0.0,0.014285714285714285,70.0
721,1,0.0,0.0,0.0,0.0,0.0,0.1810425967800402,0.1810425967800402,0.0,0.0,0.0,0.0,0.0,1.0,1.0,0.0,0.0,0.0,0.0,0.0,0.02,0.01,0.0,0.0,0.0,0.0,0.0,0.022222222222222223,0.022222222222222223,0.0,0.0,0.0,0.0,0.0,0.022222222222222223,0.022222222222222223,45.0
723,1,1.0,1.0,1.0,1.0,1.0,1.0,1.0,1.0,1.0,1.0,1.0,1.0,1.0,1.0,1.0,0.3333333333333333,0.2,0.1,0.05,0.02,0.01,1.0,1.0,1.0,1.0,1.0,1.0,1.0,1.0,1.0,1.0,1.0,1.0,1.0,1.0,1.0
727,1,0.0,0.0,0.0,0.0,0.0,0.0,0.0,0.0,0.0,0.0,0.0,0.0,0.0,0.0,0.0,0.0,0.0,0.0,0.0,0.0,0.0,0.0,0.0,0.0,0.0,0.0,0.0,0.0,0.0,0.0,0.0,0.0,0.0,0.0,0.0,
728,2,1.0,0.6131471927654584,0.6131471927654584,0.6131471927654584,0.6131471927654584,0.6131471927654584,0.6131471927654584,0.5,0.5,0.5,0.5,0.5,0.5,0.5,1.0,0.3333333333333333,0.2,0.1,0.05,0.02,0.01,1.0,1.0,1.0,1.0,1.0,1.0,1.0,0.5,0.5,0.5,0.5,0.5,0.5,0.5,1.0
729,1,0.0,0.0,0.0,0.2890648263178879,0.2890648263178879,0.2890648263178879,0.2890648263178879,0.0,0.0,0.0,1.0,1.0,1.0,1.0,0.0,0.0,0.0,0.1,0.05,0.02,0.01,0.0,0.0,0.0,0.1,0.1,0.1,0.1,0.0,0.0,0.0,0.1,0.1,0.1,0.1,10.0
742,1,0.0,0.0,0.0,0.0,0.0,0.0,0.16207652439312228,0.0,0.0,0.0,0.0,0.0,0.0,1.0,0.0,0.0,0.0,0.0,0.0,0.0,0.01,0.0,0.0,0.0,0.0,0.0,0.0,0.014084507042253521,0.0,0.0,0.0,0.0,0.0,0.0,0.014084507042253521,71.0
743,1,0.0,0.0,0.0,0.0,0.0,0.0,0.15520856277015513,0.0,0.0,0.0,0.0,0.0,0.0,1.0,0.0,0.0,0.0,0.0,0.0,0.0,0.01,0.0,0.0,0.0,0.0,0.0,0.0,0.011627906976744186,0.0,0.0,0.0,0.0,0.0,0.0,0.011627906976744186,86.0
744,1,0.0,0.0,0.0,0.3333333333333333,0.3333333333333333,0.3333333333333333,0.3333333333333333,0.0,0.0,0.0,1.0,1.0,1.0,1.0,0.0,0.0,0.0,0.1,0.05,0.02,0.01,0.0,0.0,0.0,0.14285714285714285,0.14285714285714285,0.14285714285714285,0.14285714285714285,0.0,0.0,0.0,0.14285714285714285,0.14285714285714285,0.14285714285714285,0.14285714285714285,7.0
756,1,0.0,0.5,0.5,0.5,0.5,0.5,0.5,0.0,1.0,1.0,1.0,1.0,1.0,1.0,0.0,0.3333333333333333,0.2,0.1,0.05,0.02,0.01,0.0,0.3333333333333333,0.3333333333333333,0.3333333333333333,0.3333333333333333,0.3333333333333333,0.3333333333333333,0.0,0.3333333333333333,0.3333333333333333,0.3333333333333333,0.3333333333333333,0.3333333333333333,0.3333333333333333,3.0
759,1,1.0,1.0,1.0,1.0,1.0,1.0,1.0,1.0,1.0,1.0,1.0,1.0,1.0,1.0,1.0,0.3333333333333333,0.2,0.1,0.05,0.02,0.01,1.0,1.0,1.0,1.0,1.0,1.0,1.0,1.0,1.0,1.0,1.0,1.0,1.0,1.0,1.0
768,1,0.0,0.0,0.0,0.0,0.0,0.0,0.0,0.0,0.0,0.0,0.0,0.0,0.0,0.0,0.0,0.0,0.0,0.0,0.0,0.0,0.0,0.0,0.0,0.0,0.0,0.0,0.0,0.0,0.0,0.0,0.0,0.0,0.0,0.0,0.0,
770,1,1.0,1.0,1.0,1.0,1.0,1.0,1.0,1.0,1.0,1.0,1.0,1.0,1.0,1.0,1.0,0.3333333333333333,0.2,0.1,0.05,0.02,0.01,1.0,1.0,1.0,1.0,1.0,1.0,1.0,1.0,1.0,1.0,1.0,1.0,1.0,1.0,1.0
775,1,0.0,0.0,0.0,0.0,0.0,0.0,0.15221034671324338,0.0,0.0,0.0,0.0,0.0,0.0,1.0,0.0,0.0,0.0,0.0,0.0,0.0,0.01,0.0,0.0,0.0,0.0,0.0,0.0,0.010638297872340425,0.0,0.0,0.0,0.0,0.0,0.0,0.010638297872340425,94.0
781,1,0.0,0.0,0.0,0.3333333333333333,0.3333333333333333,0.3333333333333333,0.3333333333333333,0.0,0.0,0.0,1.0,1.0,1.0,1.0,0.0,0.0,0.0,0.1,0.05,0.02,0.01,0.0,0.0,0.0,0.14285714285714285,0.14285714285714285,0.14285714285714285,0.14285714285714285,0.0,0.0,0.0,0.14285714285714285,0.14285714285714285,0.14285714285714285,0.14285714285714285,7.0
783,1,0.0,0.0,0.0,0.0,0.0,0.0,0.0,0.0,0.0,0.0,0.0,0.0,0.0,0.0,0.0,0.0,0.0,0.0,0.0,0.0,0.0,0.0,0.0,0.0,0.0,0.0,0.0,0.0,0.0,0.0,0.0,0.0,0.0,0.0,0.0,
784,1,0.0,0.0,0.0,0.3562071871080222,0.3562071871080222,0.3562071871080222,0.3562071871080222,0.0,0.0,0.0,1.0,1.0,1.0,1.0,0.0,0.0,0.0,0.1,0.05,0.02,0.01,0.0,0.0,0.0,0.16666666666666666,0.16666666666666666,0.16666666666666666,0.16666666666666666,0.0,0.0,0.0,0.16666666666666666,0.16666666666666666,0.16666666666666666,0.16666666666666666,6.0
785,1,0.0,0.0,0.0,0.0,0.0,0.0,0.0,0.0,0.0,0.0,0.0,0.0,0.0,0.0,0.0,0.0,0.0,0.0,0.0,0.0,0.0,0.0,0.0,0.0,0.0,0.0,0.0,0.0,0.0,0.0,0.0,0.0,0.0,0.0,0.0,
793,1,0.0,0.6309297535714575,0.6309297535714575,0.6309297535714575,0.6309297535714575,0.6309297535714575,0.6309297535714575,0.0,1.0,1.0,1.0,1.0,1.0,1.0,0.0,0.3333333333333333,0.2,0.1,0.05,0.02,0.01,0.0,0.5,0.5,0.5,0.5,0.5,0.5,0.0,0.5,0.5,0.5,0.5,0.5,0.5,2.0
800,1,0.0,0.0,0.43067655807339306,0.43067655807339306,0.43067655807339306,0.43067655807339306,0.43067655807339306,0.0,0.0,1.0,1.0,1.0,1.0,1.0,0.0,0.0,0.2,0.1,0.05,0.02,0.01,0.0,0.0,0.25,0.25,0.25,0.25,0.25,0.0,0.0,0.25,0.25,0.25,0.25,0.25,4.0
805,1,1.0,1.0,1.0,1.0,1.0,1.0,1.0,1.0,1.0,1.0,1.0,1.0,1.0,1.0,1.0,0.3333333333333333,0.2,0.1,0.05,0.02,0.01,1.0,1.0,1.0,1.0,1.0,1.0,1.0,1.0,1.0,1.0,1.0,1.0,1.0,1.0,1.0
808,1,0.0,0.0,0.0,0.0,0.0,0.0,0.156861774859441,0.0,0.0,0.0,0.0,0.0,0.0,1.0,0.0,0.0,0.0,0.0,0.0,0.0,0.01,0.0,0.0,0.0,0.0,0.0,0.0,0.012195121951219513,0.0,0.0,0.0,0.0,0.0,0.0,0.012195121951219513,82.0
811,1,1.0,1.0,1.0,1.0,1.0,1.0,1.0,1.0,1.0,1.0,1.0,1.0,1.0,1.0,1.0,0.3333333333333333,0.2,0.1,0.05,0.02,0.01,1.0,1.0,1.0,1.0,1.0,1.0,1.0,1.0,1.0,1.0,1.0,1.0,1.0,1.0,1.0
814,1,1.0,1.0,1.0,1.0,1.0,1.0,1.0,1.0,1.0,1.0,1.0,1.0,1.0,1.0,1.0,0.3333333333333333,0.2,0.1,0.05,0.02,0.01,1.0,1.0,1.0,1.0,1.0,1.0,1.0,1.0,1.0,1.0,1.0,1.0,1.0,1.0,1.0
820,1,0.0,0.0,0.0,0.0,0.0,0.0,0.0,0.0,0.0,0.0,0.0,0.0,0.0,0.0,0.0,0.0,0.0,0.0,0.0,0.0,0.0,0.0,0.0,0.0,0.0,0.0,0.0,0.0,0.0,0.0,0.0,0.0,0.0,0.0,0.0,
821,1,0.0,0.0,0.0,0.0,0.0,0.0,0.0,0.0,0.0,0.0,0.0,0.0,0.0,0.0,0.0,0.0,0.0,0.0,0.0,0.0,0.0,0.0,0.0,0.0,0.0,0.0,0.0,0.0,0.0,0.0,0.0,0.0,0.0,0.0,0.0,
823,1,0.0,0.6309297535714575,0.6309297535714575,0.6309297535714575,0.6309297535714575,0.6309297535714575,0.6309297535714575,0.0,1.0,1.0,1.0,1.0,1.0,1.0,0.0,0.3333333333333333,0.2,0.1,0.05,0.02,0.01,0.0,0.5,0.5,0.5,0.5,0.5,0.5,0.0,0.5,0.5,0.5,0.5,0.5,0.5,2.0
830,1,0.0,0.0,0.0,0.0,0.0,0.0,0.0,0.0,0.0,0.0,0.0,0.0,0.0,0.0,0.0,0.0,0.0,0.0,0.0,0.0,0.0,0.0,0.0,0.0,0.0,0.0,0.0,0.0,0.0,0.0,0.0,0.0,0.0,0.0,0.0,
831,1,0.0,0.0,0.0,0.0,0.0,0.0,0.0,0.0,0.0,0.0,0.0,0.0,0.0,0.0,0.0,0.0,0.0,0.0,0.0,0.0,0.0,0.0,0.0,0.0,0.0,0.0,0.0,0.0,0.0,0.0,0.0,0.0,0.0,0.0,0.0,
832,1,1.0,1.0,1.0,1.0,1.0,1.0,1.0,1.0,1.0,1.0,1.0,1.0,1.0,1.0,1.0,0.3333333333333333,0.2,0.1,0.05,0.02,0.01,1.0,1.0,1.0,1.0,1.0,1.0,1.0,1.0,1.0,1.0,1.0,1.0,1.0,1.0,1.0
834,1,0.0,0.0,0.0,0.0,0.0,0.0,0.0,0.0,0.0,0.0,0.0,0.0,0.0,0.0,0.0,0.0,0.0,0.0,0.0,0.0,0.0,0.0,0.0,0.0,0.0,0.0,0.0,0.0,0.0,0.0,0.0,0.0,0.0,0.0,0.0,
837,1,0.0,0.0,0.0,0.0,0.0,0.1905514124267734,0.1905514124267734,0.0,0.0,0.0,0.0,0.0,1.0,1.0,0.0,0.0,0.0,0.0,0.0,0.02,0.01,0.0,0.0,0.0,0.0,0.0,0.02702702702702703,0.02702702702702703,0.0,0.0,0.0,0.0,0.0,0.02702702702702703,0.02702702702702703,37.0
839,1,0.0,0.0,0.0,0.3333333333333333,0.3333333333333333,0.3333333333333333,0.3333333333333333,0.0,0.0,0.0,1.0,1.0,1.0,1.0,0.0,0.0,0.0,0.1,0.05,0.02,0.01,0.0,0.0,0.0,0.14285714285714285,0.14285714285714285,0.14285714285714285,0.14285714285714285,0.0,0.0,0.0,0.14285714285714285,0.14285714285714285,0.14285714285714285,0.14285714285714285,7.0
845,1,0.0,0.0,0.0,0.3333333333333333,0.3333333333333333,0.3333333333333333,0.3333333333333333,0.0,0.0,0.0,1.0,1.0,1.0,1.0,0.0,0.0,0.0,0.1,0.05,0.02,0.01,0.0,0.0,0.0,0.14285714285714285,0.14285714285714285,0.14285714285714285,0.14285714285714285,0.0,0.0,0.0,0.14285714285714285,0.14285714285714285,0.14285714285714285,0.14285714285714285,7.0
847,1,0.0,0.0,0.38685280723454163,0.38685280723454163,0.38685280723454163,0.38685280723454163,0.38685280723454163,0.0,0.0,1.0,1.0,1.0,1.0,1.0,0.0,0.0,0.2,0.1,0.05,0.02,0.01,0.0,0.0,0.2,0.2,0.2,0.2,0.2,0.0,0.0,0.2,0.2,0.2,0.2,0.2,5.0
852,1,0.0,0.0,0.0,0.0,0.26264953503719357,0.26264953503719357,0.26264953503719357,0.0,0.0,0.0,0.0,1.0,1.0,1.0,0.0,0.0,0.0,0.0,0.05,0.02,0.01,0.0,0.0,0.0,0.0,0.07692307692307693,0.07692307692307693,0.07692307692307693,0.0,0.0,0.0,0.0,0.07692307692307693,0.07692307692307693,0.07692307692307693,13.0
859,1,0.0,0.0,0.0,0.0,0.23981246656813146,0.23981246656813146,0.23981246656813146,0.0,0.0,0.0,0.0,1.0,1.0,1.0,0.0,0.0,0.0,0.0,0.05,0.02,0.01,0.0,0.0,0.0,0.0,0.058823529411764705,0.058823529411764705,0.058823529411764705,0.0,0.0,0.0,0.0,0.058823529411764705,0.058823529411764705,0.058823529411764705,17.0
870,1,0.0,0.0,0.0,0.0,0.0,0.0,0.0,0.0,0.0,0.0,0.0,0.0,0.0,0.0,0.0,0.0,0.0,0.0,0.0,0.0,0.0,0.0,0.0,0.0,0.0,0.0,0.0,0.0,0.0,0.0,0.0,0.0,0.0,0.0,0.0,
873,5,0.0,0.23463936301137822,0.16958010263680806,0.38843069116765927,0.38843069116765927,0.4488363425174064,0.4488363425174064,0.0,0.2,0.2,0.6,0.6,0.8,0.8,0.0,0.3333333333333333,0.2,0.3,0.15,0.08,0.04,0.0,0.3333333333333333,0.3333333333333333,0.3333333333333333,0.3333333333333333,0.3333333333333333,0.3333333333333333,0.0,0.06666666666666667,0.06666666666666667,0.1933333333333333,0.1933333333333333,0.20999999999999996,0.20999999999999996,3.0
879,1,0.0,0.6309297535714575,0.6309297535714575,0.6309297535714575,0.6309297535714575,0.6309297535714575,0.6309297535714575,0.0,1.0,1.0,1.0,1.0,1.0,1.0,0.0,0.3333333333333333,0.2,0.1,0.05,0.02,0.01,0.0,0.5,0.5,0.5,0.5,0.5,0.5,0.0,0.5,0.5,0.5,0.5,0.5,0.5,2.0
880,1,1.0,1.0,1.0,1.0,1.0,1.0,1.0,1.0,1.0,1.0,1.0,1.0,1.0,1.0,1.0,0.3333333333333333,0.2,0.1,0.05,0.02,0.01,1.0,1.0,1.0,1.0,1.0,1.0,1.0,1.0,1.0,1.0,1.0,1.0,1.0,1.0,1.0
882,1,0.0,0.0,0.0,0.0,0.0,0.22424382421757544,0.22424382421757544,0.0,0.0,0.0,0.0,0.0,1.0,1.0,0.0,0.0,0.0,0.0,0.0,0.02,0.01,0.0,0.0,0.0,0.0,0.0,0.047619047619047616,0.047619047619047616,0.0,0.0,0.0,0.0,0.0,0.047619047619047616,0.047619047619047616,21.0
887,1,0.0,0.0,0.0,0.0,0.0,0.0,0.0,0.0,0.0,0.0,0.0,0.0,0.0,0.0,0.0,0.0,0.0,0.0,0.0,0.0,0.0,0.0,0.0,0.0,0.0,0.0,0.0,0.0,0.0,0.0,0.0,0.0,0.0,0.0,0.0,
903,1,1.0,1.0,1.0,1.0,1.0,1.0,1.0,1.0,1.0,1.0,1.0,1.0,1.0,1.0,1.0,0.3333333333333333,0.2,0.1,0.05,0.02,0.01,1.0,1.0,1.0,1.0,1.0,1.0,1.0,1.0,1.0,1.0,1.0,1.0,1.0,1.0,1.0
904,1,1.0,1.0,1.0,1.0,1.0,1.0,1.0,1.0,1.0,1.0,1.0,1.0,1.0,1.0,1.0,0.3333333333333333,0.2,0.1,0.05,0.02,0.01,1.0,1.0,1.0,1.0,1.0,1.0,1.0,1.0,1.0,1.0,1.0,1.0,1.0,1.0,1.0
907,1,1.0,1.0,1.0,1.0,1.0,1.0,1.0,1.0,1.0,1.0,1.0,1.0,1.0,1.0,1.0,0.3333333333333333,0.2,0.1,0.05,0.02,0.01,1.0,1.0,1.0,1.0,1.0,1.0,1.0,1.0,1.0,1.0,1.0,1.0,1.0,1.0,1.0
911,1,0.0,0.5,0.5,0.5,0.5,0.5,0.5,0.0,1.0,1.0,1.0,1.0,1.0,1.0,0.0,0.3333333333333333,0.2,0.1,0.05,0.02,0.01,0.0,0.3333333333333333,0.3333333333333333,0.3333333333333333,0.3333333333333333,0.3333333333333333,0.3333333333333333,0.0,0.3333333333333333,0.3333333333333333,0.3333333333333333,0.3333333333333333,0.3333333333333333,0.3333333333333333,3.0
913,1,0.0,0.0,0.0,0.0,0.27023815442731974,0.27023815442731974,0.27023815442731974,0.0,0.0,0.0,0.0,1.0,1.0,1.0,0.0,0.0,0.0,0.0,0.05,0.02,0.01,0.0,0.0,0.0,0.0,0.08333333333333333,0.08333333333333333,0.08333333333333333,0.0,0.0,0.0,0.0,0.08333333333333333,0.08333333333333333,0.08333333333333333,12.0
914,1,0.0,0.0,0.0,0.0,0.0,0.22424382421757544,0.22424382421757544,0.0,0.0,0.0,0.0,0.0,1.0,1.0,0.0,0.0,0.0,0.0,0.0,0.02,0.01,0.0,0.0,0.0,0.0,0.0,0.047619047619047616,0.047619047619047616,0.0,0.0,0.0,0.0,0.0,0.047619047619047616,0.047619047619047616,21.0
921,1,1.0,1.0,1.0,1.0,1.0,1.0,1.0,1.0,1.0,1.0,1.0,1.0,1.0,1.0,1.0,0.3333333333333333,0.2,0.1,0.05,0.02,0.01,1.0,1.0,1.0,1.0,1.0,1.0,1.0,1.0,1.0,1.0,1.0,1.0,1.0,1.0,1.0
922,1,1.0,1.0,1.0,1.0,1.0,1.0,1.0,1.0,1.0,1.0,1.0,1.0,1.0,1.0,1.0,0.3333333333333333,0.2,0.1,0.05,0.02,0.01,1.0,1.0,1.0,1.0,1.0,1.0,1.0,1.0,1.0,1.0,1.0,1.0,1.0,1.0,1.0
936,1,0.0,0.0,0.38685280723454163,0.38685280723454163,0.38685280723454163,0.38685280723454163,0.38685280723454163,0.0,0.0,1.0,1.0,1.0,1.0,1.0,0.0,0.0,0.2,0.1,0.05,0.02,0.01,0.0,0.0,0.2,0.2,0.2,0.2,0.2,0.0,0.0,0.2,0.2,0.2,0.2,0.2,5.0
956,1,0.0,0.0,0.0,0.3562071871080222,0.3562071871080222,0.3562071871080222,0.3562071871080222,0.0,0.0,0.0,1.0,1.0,1.0,1.0,0.0,0.0,0.0,0.1,0.05,0.02,0.01,0.0,0.0,0.0,0.16666666666666666,0.16666666666666666,0.16666666666666666,0.16666666666666666,0.0,0.0,0.0,0.16666666666666666,0.16666666666666666,0.16666666666666666,0.16666666666666666,6.0
957,1,1.0,1.0,1.0,1.0,1.0,1.0,1.0,1.0,1.0,1.0,1.0,1.0,1.0,1.0,1.0,0.3333333333333333,0.2,0.1,0.05,0.02,0.01,1.0,1.0,1.0,1.0,1.0,1.0,1.0,1.0,1.0,1.0,1.0,1.0,1.0,1.0,1.0
960,1,1.0,1.0,1.0,1.0,1.0,1.0,1.0,1.0,1.0,1.0,1.0,1.0,1.0,1.0,1.0,0.3333333333333333,0.2,0.1,0.05,0.02,0.01,1.0,1.0,1.0,1.0,1.0,1.0,1.0,1.0,1.0,1.0,1.0,1.0,1.0,1.0,1.0
967,2,1.0,1.0,1.0,1.0,1.0,1.0,1.0,0.5,1.0,1.0,1.0,1.0,1.0,1.0,1.0,0.6666666666666666,0.4,0.2,0.1,0.04,0.02,1.0,1.0,1.0,1.0,1.0,1.0,1.0,0.5,1.0,1.0,1.0,1.0,1.0,1.0,1.0
971,4,1.0,0.7653606369886217,0.9558295932317544,0.9558295932317544,0.9558295932317544,0.9558295932317544,0.9558295932317544,0.25,0.5,1.0,1.0,1.0,1.0,1.0,1.0,0.6666666666666666,0.8,0.4,0.2,0.08,0.04,1.0,1.0,1.0,1.0,1.0,1.0,1.0,0.25,0.5,0.8875,0.8875,0.8875,0.8875,0.8875,1.0
975,1,0.0,0.0,0.0,0.0,0.0,0.0,0.0,0.0,0.0,0.0,0.0,0.0,0.0,0.0,0.0,0.0,0.0,0.0,0.0,0.0,0.0,0.0,0.0,0.0,0.0,0.0,0.0,0.0,0.0,0.0,0.0,0.0,0.0,0.0,0.0,
982,1,0.0,0.0,0.0,0.3333333333333333,0.3333333333333333,0.3333333333333333,0.3333333333333333,0.0,0.0,0.0,1.0,1.0,1.0,1.0,0.0,0.0,0.0,0.1,0.05,0.02,0.01,0.0,0.0,0.0,0.14285714285714285,0.14285714285714285,0.14285714285714285,0.14285714285714285,0.0,0.0,0.0,0.14285714285714285,0.14285714285714285,0.14285714285714285,0.14285714285714285,7.0
985,1,1.0,1.0,1.0,1.0,1.0,1.0,1.0,1.0,1.0,1.0,1.0,1.0,1.0,1.0,1.0,0.3333333333333333,0.2,0.1,0.05,0.02,0.01,1.0,1.0,1.0,1.0,1.0,1.0,1.0,1.0,1.0,1.0,1.0,1.0,1.0,1.0,1.0
993,1,1.0,1.0,1.0,1.0,1.0,1.0,1.0,1.0,1.0,1.0,1.0,1.0,1.0,1.0,1.0,0.3333333333333333,0.2,0.1,0.05,0.02,0.01,1.0,1.0,1.0,1.0,1.0,1.0,1.0,1.0,1.0,1.0,1.0,1.0,1.0,1.0,1.0
1012,1,1.0,1.0,1.0,1.0,1.0,1.0,1.0,1.0,1.0,1.0,1.0,1.0,1.0,1.0,1.0,0.3333333333333333,0.2,0.1,0.05,0.02,0.01,1.0,1.0,1.0,1.0,1.0,1.0,1.0,1.0,1.0,1.0,1.0,1.0,1.0,1.0,1.0
1014,1,0.0,0.6309297535714575,0.6309297535714575,0.6309297535714575,0.6309297535714575,0.6309297535714575,0.6309297535714575,0.0,1.0,1.0,1.0,1.0,1.0,1.0,0.0,0.3333333333333333,0.2,0.1,0.05,0.02,0.01,0.0,0.5,0.5,0.5,0.5,0.5,0.5,0.0,0.5,0.5,0.5,0.5,0.5,0.5,2.0
1019,1,0.0,0.0,0.0,0.0,0.0,0.0,0.15773243839286438,0.0,0.0,0.0,0.0,0.0,0.0,1.0,0.0,0.0,0.0,0.0,0.0,0.0,0.01,0.0,0.0,0.0,0.0,0.0,0.0,0.0125,0.0,0.0,0.0,0.0,0.0,0.0,0.0125,80.0
1020,1,1.0,1.0,1.0,1.0,1.0,1.0,1.0,1.0,1.0,1.0,1.0,1.0,1.0,1.0,1.0,0.3333333333333333,0.2,0.1,0.05,0.02,0.01,1.0,1.0,1.0,1.0,1.0,1.0,1.0,1.0,1.0,1.0,1.0,1.0,1.0,1.0,1.0
1021,1,1.0,1.0,1.0,1.0,1.0,1.0,1.0,1.0,1.0,1.0,1.0,1.0,1.0,1.0,1.0,0.3333333333333333,0.2,0.1,0.05,0.02,0.01,1.0,1.0,1.0,1.0,1.0,1.0,1.0,1.0,1.0,1.0,1.0,1.0,1.0,1.0,1.0
1024,1,0.0,0.0,0.0,0.0,0.0,0.0,0.0,0.0,0.0,0.0,0.0,0.0,0.0,0.0,0.0,0.0,0.0,0.0,0.0,0.0,0.0,0.0,0.0,0.0,0.0,0.0,0.0,0.0,0.0,0.0,0.0,0.0,0.0,0.0,0.0,
1029,3,1.0,0.7039180890341347,0.7039180890341347,0.7039180890341347,0.7039180890341347,0.8026120593560898,0.8026120593560898,0.3333333333333333,0.6666666666666666,0.6666666666666666,0.6666666666666666,0.6666666666666666,1.0,1.0,1.0,0.6666666666666666,0.4,0.2,0.1,0.06,0.03,1.0,1.0,1.0,1.0,1.0,1.0,1.0,0.3333333333333333,0.5555555555555555,0.5555555555555555,0.5555555555555555,0.5555555555555555,0.594017094017094,0.594017094017094,1.0
1041,2,0.0,0.0,0.0,0.0,0.30032713885777473,0.30032713885777473,0.30032713885777473,0.0,0.0,0.0,0.0,1.0,1.0,1.0,0.0,0.0,0.0,0.0,0.1,0.04,0.02,0.0,0.0,0.0,0.0,0.06666666666666667,0.06666666666666667,0.06666666666666667,0.0,0.0,0.0,0.0,0.09215686274509804,0.09215686274509804,0.09215686274509804,15.0
1049,1,0.0,0.0,0.0,0.3562071871080222,0.3562071871080222,0.3562071871080222,0.3562071871080222,0.0,0.0,0.0,1.0,1.0,1.0,1.0,0.0,0.0,0.0,0.1,0.05,0.02,0.01,0.0,0.0,0.0,0.16666666666666666,0.16666666666666666,0.16666666666666666,0.16666666666666666,0.0,0.0,0.0,0.16666666666666666,0.16666666666666666,0.16666666666666666,0.16666666666666666,6.0
1062,1,1.0,1.0,1.0,1.0,1.0,1.0,1.0,1.0,1.0,1.0,1.0,1.0,1.0,1.0,1.0,0.3333333333333333,0.2,0.1,0.05,0.02,0.01,1.0,1.0,1.0,1.0,1.0,1.0,1.0,1.0,1.0,1.0,1.0,1.0,1.0,1.0,1.0
1086,1,1.0,1.0,1.0,1.0,1.0,1.0,1.0,1.0,1.0,1.0,1.0,1.0,1.0,1.0,1.0,0.3333333333333333,0.2,0.1,0.05,0.02,0.01,1.0,1.0,1.0,1.0,1.0,1.0,1.0,1.0,1.0,1.0,1.0,1.0,1.0,1.0,1.0
1088,1,0.0,0.6309297535714575,0.6309297535714575,0.6309297535714575,0.6309297535714575,0.6309297535714575,0.6309297535714575,0.0,1.0,1.0,1.0,1.0,1.0,1.0,0.0,0.3333333333333333,0.2,0.1,0.05,0.02,0.01,0.0,0.5,0.5,0.5,0.5,0.5,0.5,0.0,0.5,0.5,0.5,0.5,0.5,0.5,2.0
1089,1,1.0,1.0,1.0,1.0,1.0,1.0,1.0,1.0,1.0,1.0,1.0,1.0,1.0,1.0,1.0,0.3333333333333333,0.2,0.1,0.05,0.02,0.01,1.0,1.0,1.0,1.0,1.0,1.0,1.0,1.0,1.0,1.0,1.0,1.0,1.0,1.0,1.0
1099,1,0.0,0.0,0.0,0.0,0.0,0.0,0.1729696904450771,0.0,0.0,0.0,0.0,0.0,0.0,1.0,0.0,0.0,0.0,0.0,0.0,0.0,0.01,0.0,0.0,0.0,0.0,0.0,0.0,0.018518518518518517,0.0,0.0,0.0,0.0,0.0,0.0,0.018518518518518517,54.0
1100,1,0.0,0.0,0.0,0.0,0.0,0.18920035951687003,0.18920035951687003,0.0,0.0,0.0,0.0,0.0,1.0,1.0,0.0,0.0,0.0,0.0,0.0,0.02,0.01,0.0,0.0,0.0,0.0,0.0,0.02631578947368421,0.02631578947368421,0.0,0.0,0.0,0.0,0.0,0.02631578947368421,0.02631578947368421,38.0
1104,1,1.0,1.0,1.0,1.0,1.0,1.0,1.0,1.0,1.0,1.0,1.0,1.0,1.0,1.0,1.0,0.3333333333333333,0.2,0.1,0.05,0.02,0.01,1.0,1.0,1.0,1.0,1.0,1.0,1.0,1.0,1.0,1.0,1.0,1.0,1.0,1.0,1.0
1107,1,0.0,0.5,0.5,0.5,0.5,0.5,0.5,0.0,1.0,1.0,1.0,1.0,1.0,1.0,0.0,0.3333333333333333,0.2,0.1,0.05,0.02,0.01,0.0,0.3333333333333333,0.3333333333333333,0.3333333333333333,0.3333333333333333,0.3333333333333333,0.3333333333333333,0.0,0.3333333333333333,0.3333333333333333,0.3333333333333333,0.3333333333333333,0.3333333333333333,0.3333333333333333,3.0
1110,1,0.0,0.0,0.0,0.0,0.0,0.0,0.0,0.0,0.0,0.0,0.0,0.0,0.0,0.0,0.0,0.0,0.0,0.0,0.0,0.0,0.0,0.0,0.0,0.0,0.0,0.0,0.0,0.0,0.0,0.0,0.0,0.0,0.0,0.0,0.0,
1121,1,0.0,0.0,0.0,0.0,0.0,0.1810425967800402,0.1810425967800402,0.0,0.0,0.0,0.0,0.0,1.0,1.0,0.0,0.0,0.0,0.0,0.0,0.02,0.01,0.0,0.0,0.0,0.0,0.0,0.022222222222222223,0.022222222222222223,0.0,0.0,0.0,0.0,0.0,0.022222222222222223,0.022222222222222223,45.0
1130,1,1.0,1.0,1.0,1.0,1.0,1.0,1.0,1.0,1.0,1.0,1.0,1.0,1.0,1.0,1.0,0.3333333333333333,0.2,0.1,0.05,0.02,0.01,1.0,1.0,1.0,1.0,1.0,1.0,1.0,1.0,1.0,1.0,1.0,1.0,1.0,1.0,1.0
1132,2,1.0,0.6131471927654584,0.6131471927654584,0.6131471927654584,0.6131471927654584,0.734697408362696,0.734697408362696,0.5,0.5,0.5,0.5,0.5,1.0,1.0,1.0,0.3333333333333333,0.2,0.1,0.05,0.04,0.02,1.0,1.0,1.0,1.0,1.0,1.0,1.0,0.5,0.5,0.5,0.5,0.5,0.53125,0.53125,1.0
1137,1,0.0,0.0,0.0,0.0,0.0,0.18003132665669264,0.18003132665669264,0.0,0.0,0.0,0.0,0.0,1.0,1.0,0.0,0.0,0.0,0.0,0.0,0.02,0.01,0.0,0.0,0.0,0.0,0.0,0.021739130434782608,0.021739130434782608,0.0,0.0,0.0,0.0,0.0,0.021739130434782608,0.021739130434782608,46.0
1140,1,1.0,1.0,1.0,1.0,1.0,1.0,1.0,1.0,1.0,1.0,1.0,1.0,1.0,1.0,1.0,0.3333333333333333,0.2,0.1,0.05,0.02,0.01,1.0,1.0,1.0,1.0,1.0,1.0,1.0,1.0,1.0,1.0,1.0,1.0,1.0,1.0,1.0
1144,1,1.0,1.0,1.0,1.0,1.0,1.0,1.0,1.0,1.0,1.0,1.0,1.0,1.0,1.0,1.0,0.3333333333333333,0.2,0.1,0.05,0.02,0.01,1.0,1.0,1.0,1.0,1.0,1.0,1.0,1.0,1.0,1.0,1.0,1.0,1.0,1.0,1.0
1146,1,1.0,1.0,1.0,1.0,1.0,1.0,1.0,1.0,1.0,1.0,1.0,1.0,1.0,1.0,1.0,0.3333333333333333,0.2,0.1,0.05,0.02,0.01,1.0,1.0,1.0,1.0,1.0,1.0,1.0,1.0,1.0,1.0,1.0,1.0,1.0,1.0,1.0
1150,1,1.0,1.0,1.0,1.0,1.0,1.0,1.0,1.0,1.0,1.0,1.0,1.0,1.0,1.0,1.0,0.3333333333333333,0.2,0.1,0.05,0.02,0.01,1.0,1.0,1.0,1.0,1.0,1.0,1.0,1.0,1.0,1.0,1.0,1.0,1.0,1.0,1.0
1163,1,1.0,1.0,1.0,1.0,1.0,1.0,1.0,1.0,1.0,1.0,1.0,1.0,1.0,1.0,1.0,0.3333333333333333,0.2,0.1,0.05,0.02,0.01,1.0,1.0,1.0,1.0,1.0,1.0,1.0,1.0,1.0,1.0,1.0,1.0,1.0,1.0,1.0
1175,1,0.0,0.0,0.0,0.3010299956639812,0.3010299956639812,0.3010299956639812,0.3010299956639812,0.0,0.0,0.0,1.0,1.0,1.0,1.0,0.0,0.0,0.0,0.1,0.05,0.02,0.01,0.0,0.0,0.0,0.1111111111111111,0.1111111111111111,0.1111111111111111,0.1111111111111111,0.0,0.0,0.0,0.1111111111111111,0.1111111111111111,0.1111111111111111,0.1111111111111111,9.0
1179,1,1.0,1.0,1.0,1.0,1.0,1.0,1.0,1.0,1.0,1.0,1.0,1.0,1.0,1.0,1.0,0.3333333333333333,0.2,0.1,0.05,0.02,0.01,1.0,1.0,1.0,1.0,1.0,1.0,1.0,1.0,1.0,1.0,1.0,1.0,1.0,1.0,1.0
1180,1,1.0,1.0,1.0,1.0,1.0,1.0,1.0,1.0,1.0,1.0,1.0,1.0,1.0,1.0,1.0,0.3333333333333333,0.2,0.1,0.05,0.02,0.01,1.0,1.0,1.0,1.0,1.0,1.0,1.0,1.0,1.0,1.0,1.0,1.0,1.0,1.0,1.0
1185,1,0.0,0.6309297535714575,0.6309297535714575,0.6309297535714575,0.6309297535714575,0.6309297535714575,0.6309297535714575,0.0,1.0,1.0,1.0,1.0,1.0,1.0,0.0,0.3333333333333333,0.2,0.1,0.05,0.02,0.01,0.0,0.5,0.5,0.5,0.5,0.5,0.5,0.0,0.5,0.5,0.5,0.5,0.5,0.5,2.0
1187,1,0.0,0.6309297535714575,0.6309297535714575,0.6309297535714575,0.6309297535714575,0.6309297535714575,0.6309297535714575,0.0,1.0,1.0,1.0,1.0,1.0,1.0,0.0,0.3333333333333333,0.2,0.1,0.05,0.02,0.01,0.0,0.5,0.5,0.5,0.5,0.5,0.5,0.0,0.5,0.5,0.5,0.5,0.5,0.5,2.0
1191,1,0.0,0.0,0.0,0.0,0.0,0.0,0.1686130986895011,0.0,0.0,0.0,0.0,0.0,0.0,1.0,0.0,0.0,0.0,0.0,0.0,0.0,0.01,0.0,0.0,0.0,0.0,0.0,0.0,0.016666666666666666,0.0,0.0,0.0,0.0,0.0,0.0,0.016666666666666666,60.0
1194,1,0.0,0.6309297535714575,0.6309297535714575,0.6309297535714575,0.6309297535714575,0.6309297535714575,0.6309297535714575,0.0,1.0,1.0,1.0,1.0,1.0,1.0,0.0,0.3333333333333333,0.2,0.1,0.05,0.02,0.01,0.0,0.5,0.5,0.5,0.5,0.5,0.5,0.0,0.5,0.5,0.5,0.5,0.5,0.5,2.0
1196,1,0.0,0.0,0.0,0.0,0.0,0.0,0.1729696904450771,0.0,0.0,0.0,0.0,0.0,0.0,1.0,0.0,0.0,0.0,0.0,0.0,0.0,0.01,0.0,0.0,0.0,0.0,0.0,0.0,0.018518518518518517,0.0,0.0,0.0,0.0,0.0,0.0,0.018518518518518517,54.0
1197,1,0.0,0.0,0.0,0.0,0.0,0.21810429198553155,0.21810429198553155,0.0,0.0,0.0,0.0,0.0,1.0,1.0,0.0,0.0,0.0,0.0,0.0,0.02,0.01,0.0,0.0,0.0,0.0,0.0,0.043478260869565216,0.043478260869565216,0.0,0.0,0.0,0.0,0.0,0.043478260869565216,0.043478260869565216,23.0
1199,1,0.0,0.0,0.0,0.0,0.0,0.0,0.0,0.0,0.0,0.0,0.0,0.0,0.0,0.0,0.0,0.0,0.0,0.0,0.0,0.0,0.0,0.0,0.0,0.0,0.0,0.0,0.0,0.0,0.0,0.0,0.0,0.0,0.0,0.0,0.0,
1200,1,0.0,0.0,0.0,0.0,0.0,0.19823986317056053,0.19823986317056053,0.0,0.0,0.0,0.0,0.0,1.0,1.0,0.0,0.0,0.0,0.0,0.0,0.02,0.01,0.0,0.0,0.0,0.0,0.0,0.03125,0.03125,0.0,0.0,0.0,0.0,0.0,0.03125,0.03125,32.0
1202,1,0.0,0.0,0.0,0.0,0.0,0.0,0.15117821092177644,0.0,0.0,0.0,0.0,0.0,0.0,1.0,0.0,0.0,0.0,0.0,0.0,0.0,0.01,0.0,0.0,0.0,0.0,0.0,0.0,0.010309278350515464,0.0,0.0,0.0,0.0,0.0,0.0,0.010309278350515464,97.0
1204,1,0.0,0.0,0.0,0.0,0.0,0.0,0.0,0.0,0.0,0.0,0.0,0.0,0.0,0.0,0.0,0.0,0.0,0.0,0.0,0.0,0.0,0.0,0.0,0.0,0.0,0.0,0.0,0.0,0.0,0.0,0.0,0.0,0.0,0.0,0.0,
1207,1,0.0,0.5,0.5,0.5,0.5,0.5,0.5,0.0,1.0,1.0,1.0,1.0,1.0,1.0,0.0,0.3333333333333333,0.2,0.1,0.05,0.02,0.01,0.0,0.3333333333333333,0.3333333333333333,0.3333333333333333,0.3333333333333333,0.3333333333333333,0.3333333333333333,0.0,0.3333333333333333,0.3333333333333333,0.3333333333333333,0.3333333333333333,0.3333333333333333,0.3333333333333333,3.0
1213,1,0.0,0.0,0.0,0.0,0.0,0.0,0.0,0.0,0.0,0.0,0.0,0.0,0.0,0.0,0.0,0.0,0.0,0.0,0.0,0.0,0.0,0.0,0.0,0.0,0.0,0.0,0.0,0.0,0.0,0.0,0.0,0.0,0.0,0.0,0.0,
1216,1,1.0,1.0,1.0,1.0,1.0,1.0,1.0,1.0,1.0,1.0,1.0,1.0,1.0,1.0,1.0,0.3333333333333333,0.2,0.1,0.05,0.02,0.01,1.0,1.0,1.0,1.0,1.0,1.0,1.0,1.0,1.0,1.0,1.0,1.0,1.0,1.0,1.0
1221,1,0.0,0.6309297535714575,0.6309297535714575,0.6309297535714575,0.6309297535714575,0.6309297535714575,0.6309297535714575,0.0,1.0,1.0,1.0,1.0,1.0,1.0,0.0,0.3333333333333333,0.2,0.1,0.05,0.02,0.01,0.0,0.5,0.5,0.5,0.5,0.5,0.5,0.0,0.5,0.5,0.5,0.5,0.5,0.5,2.0
1225,1,0.0,0.0,0.0,0.3333333333333333,0.3333333333333333,0.3333333333333333,0.3333333333333333,0.0,0.0,0.0,1.0,1.0,1.0,1.0,0.0,0.0,0.0,0.1,0.05,0.02,0.01,0.0,0.0,0.0,0.14285714285714285,0.14285714285714285,0.14285714285714285,0.14285714285714285,0.0,0.0,0.0,0.14285714285714285,0.14285714285714285,0.14285714285714285,0.14285714285714285,7.0
1226,1,0.0,0.0,0.0,0.3333333333333333,0.3333333333333333,0.3333333333333333,0.3333333333333333,0.0,0.0,0.0,1.0,1.0,1.0,1.0,0.0,0.0,0.0,0.1,0.05,0.02,0.01,0.0,0.0,0.0,0.14285714285714285,0.14285714285714285,0.14285714285714285,0.14285714285714285,0.0,0.0,0.0,0.14285714285714285,0.14285714285714285,0.14285714285714285,0.14285714285714285,7.0
1232,1,1.0,1.0,1.0,1.0,1.0,1.0,1.0,1.0,1.0,1.0,1.0,1.0,1.0,1.0,1.0,0.3333333333333333,0.2,0.1,0.05,0.02,0.01,1.0,1.0,1.0,1.0,1.0,1.0,1.0,1.0,1.0,1.0,1.0,1.0,1.0,1.0,1.0
1241,1,0.0,0.0,0.43067655807339306,0.43067655807339306,0.43067655807339306,0.43067655807339306,0.43067655807339306,0.0,0.0,1.0,1.0,1.0,1.0,1.0,0.0,0.0,0.2,0.1,0.05,0.02,0.01,0.0,0.0,0.25,0.25,0.25,0.25,0.25,0.0,0.0,0.25,0.25,0.25,0.25,0.25,4.0
1245,1,0.0,0.0,0.0,0.0,0.23540891336663824,0.23540891336663824,0.23540891336663824,0.0,0.0,0.0,0.0,1.0,1.0,1.0,0.0,0.0,0.0,0.0,0.05,0.02,0.01,0.0,0.0,0.0,0.0,0.05555555555555555,0.05555555555555555,0.05555555555555555,0.0,0.0,0.0,0.0,0.05555555555555555,0.05555555555555555,0.05555555555555555,18.0
1259,1,0.0,0.0,0.0,0.3333333333333333,0.3333333333333333,0.3333333333333333,0.3333333333333333,0.0,0.0,0.0,1.0,1.0,1.0,1.0,0.0,0.0,0.0,0.1,0.05,0.02,0.01,0.0,0.0,0.0,0.14285714285714285,0.14285714285714285,0.14285714285714285,0.14285714285714285,0.0,0.0,0.0,0.14285714285714285,0.14285714285714285,0.14285714285714285,0.14285714285714285,7.0
1262,1,0.0,0.6309297535714575,0.6309297535714575,0.6309297535714575,0.6309297535714575,0.6309297535714575,0.6309297535714575,0.0,1.0,1.0,1.0,1.0,1.0,1.0,0.0,0.3333333333333333,0.2,0.1,0.05,0.02,0.01,0.0,0.5,0.5,0.5,0.5,0.5,0.5,0.0,0.5,0.5,0.5,0.5,0.5,0.5,2.0
1266,1,0.0,0.0,0.38685280723454163,0.38685280723454163,0.38685280723454163,0.38685280723454163,0.38685280723454163,0.0,0.0,1.0,1.0,1.0,1.0,1.0,0.0,0.0,0.2,0.1,0.05,0.02,0.01,0.0,0.0,0.2,0.2,0.2,0.2,0.2,0.0,0.0,0.2,0.2,0.2,0.2,0.2,5.0
1270,1,1.0,1.0,1.0,1.0,1.0,1.0,1.0,1.0,1.0,1.0,1.0,1.0,1.0,1.0,1.0,0.3333333333333333,0.2,0.1,0.05,0.02,0.01,1.0,1.0,1.0,1.0,1.0,1.0,1.0,1.0,1.0,1.0,1.0,1.0,1.0,1.0,1.0
1271,1,1.0,1.0,1.0,1.0,1.0,1.0,1.0,1.0,1.0,1.0,1.0,1.0,1.0,1.0,1.0,0.3333333333333333,0.2,0.1,0.05,0.02,0.01,1.0,1.0,1.0,1.0,1.0,1.0,1.0,1.0,1.0,1.0,1.0,1.0,1.0,1.0,1.0
1272,1,0.0,0.0,0.0,0.0,0.0,0.0,0.0,0.0,0.0,0.0,0.0,0.0,0.0,0.0,0.0,0.0,0.0,0.0,0.0,0.0,0.0,0.0,0.0,0.0,0.0,0.0,0.0,0.0,0.0,0.0,0.0,0.0,0.0,0.0,0.0,
1273,1,1.0,1.0,1.0,1.0,1.0,1.0,1.0,1.0,1.0,1.0,1.0,1.0,1.0,1.0,1.0,0.3333333333333333,0.2,0.1,0.05,0.02,0.01,1.0,1.0,1.0,1.0,1.0,1.0,1.0,1.0,1.0,1.0,1.0,1.0,1.0,1.0,1.0
1274,3,1.0,0.46927872602275644,0.6713860725233041,0.6713860725233041,0.7887057540289931,0.7887057540289931,0.7887057540289931,0.3333333333333333,0.3333333333333333,0.6666666666666666,0.6666666666666666,1.0,1.0,1.0,1.0,0.3333333333333333,0.4,0.2,0.15,0.06,0.03,1.0,1.0,1.0,1.0,1.0,1.0,1.0,0.3333333333333333,0.3333333333333333,0.5,0.5,0.5666666666666667,0.5666666666666667,0.5666666666666667,1.0
1278,1,0.0,0.0,0.0,0.3562071871080222,0.3562071871080222,0.3562071871080222,0.3562071871080222,0.0,0.0,0.0,1.0,1.0,1.0,1.0,0.0,0.0,0.0,0.1,0.05,0.02,0.01,0.0,0.0,0.0,0.16666666666666666,0.16666666666666666,0.16666666666666666,0.16666666666666666,0.0,0.0,0.0,0.16666666666666666,0.16666666666666666,0.16666666666666666,0.16666666666666666,6.0
1279,1,1.0,1.0,1.0,1.0,1.0,1.0,1.0,1.0,1.0,1.0,1.0,1.0,1.0,1.0,1.0,0.3333333333333333,0.2,0.1,0.05,0.02,0.01,1.0,1.0,1.0,1.0,1.0,1.0,1.0,1.0,1.0,1.0,1.0,1.0,1.0,1.0,1.0
1280,1,0.0,0.0,0.0,0.0,0.0,0.0,0.0,0.0,0.0,0.0,0.0,0.0,0.0,0.0,0.0,0.0,0.0,0.0,0.0,0.0,0.0,0.0,0.0,0.0,0.0,0.0,0.0,0.0,0.0,0.0,0.0,0.0,0.0,0.0,0.0,
1281,1,0.0,0.0,0.0,0.0,0.0,0.0,0.0,0.0,0.0,0.0,0.0,0.0,0.0,0.0,0.0,0.0,0.0,0.0,0.0,0.0,0.0,0.0,0.0,0.0,0.0,0.0,0.0,0.0,0.0,0.0,0.0,0.0,0.0,0.0,0.0,
1282,1,0.0,0.0,0.0,0.0,0.0,0.22424382421757544,0.22424382421757544,0.0,0.0,0.0,0.0,0.0,1.0,1.0,0.0,0.0,0.0,0.0,0.0,0.02,0.01,0.0,0.0,0.0,0.0,0.0,0.047619047619047616,0.047619047619047616,0.0,0.0,0.0,0.0,0.0,0.047619047619047616,0.047619047619047616,21.0
1290,1,1.0,1.0,1.0,1.0,1.0,1.0,1.0,1.0,1.0,1.0,1.0,1.0,1.0,1.0,1.0,0.3333333333333333,0.2,0.1,0.05,0.02,0.01,1.0,1.0,1.0,1.0,1.0,1.0,1.0,1.0,1.0,1.0,1.0,1.0,1.0,1.0,1.0
1292,1,0.0,0.0,0.0,0.0,0.0,0.0,0.0,0.0,0.0,0.0,0.0,0.0,0.0,0.0,0.0,0.0,0.0,0.0,0.0,0.0,0.0,0.0,0.0,0.0,0.0,0.0,0.0,0.0,0.0,0.0,0.0,0.0,0.0,0.0,0.0,
1298,1,1.0,1.0,1.0,1.0,1.0,1.0,1.0,1.0,1.0,1.0,1.0,1.0,1.0,1.0,1.0,0.3333333333333333,0.2,0.1,0.05,0.02,0.01,1.0,1.0,1.0,1.0,1.0,1.0,1.0,1.0,1.0,1.0,1.0,1.0,1.0,1.0,1.0
1303,1,0.0,0.0,0.0,0.0,0.0,0.21274605355336318,0.21274605355336318,0.0,0.0,0.0,0.0,0.0,1.0,1.0,0.0,0.0,0.0,0.0,0.0,0.02,0.01,0.0,0.0,0.0,0.0,0.0,0.04,0.04,0.0,0.0,0.0,0.0,0.0,0.04,0.04,25.0
1316,1,0.0,0.0,0.0,0.0,0.0,0.0,0.0,0.0,0.0,0.0,0.0,0.0,0.0,0.0,0.0,0.0,0.0,0.0,0.0,0.0,0.0,0.0,0.0,0.0,0.0,0.0,0.0,0.0,0.0,0.0,0.0,0.0,0.0,0.0,0.0,
1319,1,0.0,0.0,0.0,0.0,0.0,0.1781035935540111,0.1781035935540111,0.0,0.0,0.0,0.0,0.0,1.0,1.0,0.0,0.0,0.0,0.0,0.0,0.02,0.01,0.0,0.0,0.0,0.0,0.0,0.020833333333333332,0.020833333333333332,0.0,0.0,0.0,0.0,0.0,0.020833333333333332,0.020833333333333332,48.0
1320,1,0.0,0.0,0.0,0.0,0.2559580248098155,0.2559580248098155,0.2559580248098155,0.0,0.0,0.0,0.0,1.0,1.0,1.0,0.0,0.0,0.0,0.0,0.05,0.02,0.01,0.0,0.0,0.0,0.0,0.07142857142857142,0.07142857142857142,0.07142857142857142,0.0,0.0,0.0,0.0,0.07142857142857142,0.07142857142857142,0.07142857142857142,14.0
1332,1,0.0,0.0,0.0,0.0,0.0,0.0,0.0,0.0,0.0,0.0,0.0,0.0,0.0,0.0,0.0,0.0,0.0,0.0,0.0,0.0,0.0,0.0,0.0,0.0,0.0,0.0,0.0,0.0,0.0,0.0,0.0,0.0,0.0,0.0,0.0,
1335,1,0.0,0.0,0.0,0.3010299956639812,0.3010299956639812,0.3010299956639812,0.3010299956639812,0.0,0.0,0.0,1.0,1.0,1.0,1.0,0.0,0.0,0.0,0.1,0.05,0.02,0.01,0.0,0.0,0.0,0.1111111111111111,0.1111111111111111,0.1111111111111111,0.1111111111111111,0.0,0.0,0.0,0.1111111111111111,0.1111111111111111,0.1111111111111111,0.1111111111111111,9.0
1336,1,0.0,0.0,0.0,0.3562071871080222,0.3562071871080222,0.3562071871080222,0.3562071871080222,0.0,0.0,0.0,1.0,1.0,1.0,1.0,0.0,0.0,0.0,0.1,0.05,0.02,0.01,0.0,0.0,0.0,0.16666666666666666,0.16666666666666666,0.16666666666666666,0.16666666666666666,0.0,0.0,0.0,0.16666666666666666,0.16666666666666666,0.16666666666666666,0.16666666666666666,6.0
1337,1,0.0,0.0,0.0,0.0,0.27894294565112987,0.27894294565112987,0.27894294565112987,0.0,0.0,0.0,0.0,1.0,1.0,1.0,0.0,0.0,0.0,0.0,0.05,0.02,0.01,0.0,0.0,0.0,0.0,0.09090909090909091,0.09090909090909091,0.09090909090909091,0.0,0.0,0.0,0.0,0.09090909090909091,0.09090909090909091,0.09090909090909091,11.0
1339,1,1.0,1.0,1.0,1.0,1.0,1.0,1.0,1.0,1.0,1.0,1.0,1.0,1.0,1.0,1.0,0.3333333333333333,0.2,0.1,0.05,0.02,0.01,1.0,1.0,1.0,1.0,1.0,1.0,1.0,1.0,1.0,1.0,1.0,1.0,1.0,1.0,1.0
1344,1,0.0,0.6309297535714575,0.6309297535714575,0.6309297535714575,0.6309297535714575,0.6309297535714575,0.6309297535714575,0.0,1.0,1.0,1.0,1.0,1.0,1.0,0.0,0.3333333333333333,0.2,0.1,0.05,0.02,0.01,0.0,0.5,0.5,0.5,0.5,0.5,0.5,0.0,0.5,0.5,0.5,0.5,0.5,0.5,2.0
1352,1,1.0,1.0,1.0,1.0,1.0,1.0,1.0,1.0,1.0,1.0,1.0,1.0,1.0,1.0,1.0,0.3333333333333333,0.2,0.1,0.05,0.02,0.01,1.0,1.0,1.0,1.0,1.0,1.0,1.0,1.0,1.0,1.0,1.0,1.0,1.0,1.0,1.0
1359,1,1.0,1.0,1.0,1.0,1.0,1.0,1.0,1.0,1.0,1.0,1.0,1.0,1.0,1.0,1.0,0.3333333333333333,0.2,0.1,0.05,0.02,0.01,1.0,1.0,1.0,1.0,1.0,1.0,1.0,1.0,1.0,1.0,1.0,1.0,1.0,1.0,1.0
1362,1,0.0,0.0,0.0,0.0,0.0,0.0,0.0,0.0,0.0,0.0,0.0,0.0,0.0,0.0,0.0,0.0,0.0,0.0,0.0,0.0,0.0,0.0,0.0,0.0,0.0,0.0,0.0,0.0,0.0,0.0,0.0,0.0,0.0,0.0,0.0,
1363,1,0.0,0.0,0.0,0.0,0.0,0.0,0.0,0.0,0.0,0.0,0.0,0.0,0.0,0.0,0.0,0.0,0.0,0.0,0.0,0.0,0.0,0.0,0.0,0.0,0.0,0.0,0.0,0.0,0.0,0.0,0.0,0.0,0.0,0.0,0.0,
1368,1,0.0,0.0,0.0,0.0,0.0,0.0,0.0,0.0,0.0,0.0,0.0,0.0,0.0,0.0,0.0,0.0,0.0,0.0,0.0,0.0,0.0,0.0,0.0,0.0,0.0,0.0,0.0,0.0,0.0,0.0,0.0,0.0,0.0,0.0,0.0,
1370,1,0.0,0.0,0.0,0.0,0.0,0.22424382421757544,0.22424382421757544,0.0,0.0,0.0,0.0,0.0,1.0,1.0,0.0,0.0,0.0,0.0,0.0,0.02,0.01,0.0,0.0,0.0,0.0,0.0,0.047619047619047616,0.047619047619047616,0.0,0.0,0.0,0.0,0.0,0.047619047619047616,0.047619047619047616,21.0
1379,4,1.0,0.46927872602275644,0.7095272044910244,0.8396538878217249,0.8396538878217249,0.8396538878217249,0.8396538878217249,0.25,0.25,0.75,1.0,1.0,1.0,1.0,1.0,0.3333333333333333,0.6,0.4,0.2,0.08,0.04,1.0,1.0,1.0,1.0,1.0,1.0,1.0,0.25,0.25,0.525,0.6678571428571429,0.6678571428571429,0.6678571428571429,0.6678571428571429,1.0
1382,1,1.0,1.0,1.0,1.0,1.0,1.0,1.0,1.0,1.0,1.0,1.0,1.0,1.0,1.0,1.0,0.3333333333333333,0.2,0.1,0.05,0.02,0.01,1.0,1.0,1.0,1.0,1.0,1.0,1.0,1.0,1.0,1.0,1.0,1.0,1.0,1.0,1.0
1385,1,0.0,0.0,0.0,0.0,0.23137821315975915,0.23137821315975915,0.23137821315975915,0.0,0.0,0.0,0.0,1.0,1.0,1.0,0.0,0.0,0.0,0.0,0.05,0.02,0.01,0.0,0.0,0.0,0.0,0.05263157894736842,0.05263157894736842,0.05263157894736842,0.0,0.0,0.0,0.0,0.05263157894736842,0.05263157894736842,0.05263157894736842,19.0
1389,1,1.0,1.0,1.0,1.0,1.0,1.0,1.0,1.0,1.0,1.0,1.0,1.0,1.0,1.0,1.0,0.3333333333333333,0.2,0.1,0.05,0.02,0.01,1.0,1.0,1.0,1.0,1.0,1.0,1.0,1.0,1.0,1.0,1.0,1.0,1.0,1.0,1.0
1395,1,0.0,0.0,0.0,0.0,0.27894294565112987,0.27894294565112987,0.27894294565112987,0.0,0.0,0.0,0.0,1.0,1.0,1.0,0.0,0.0,0.0,0.0,0.05,0.02,0.01,0.0,0.0,0.0,0.0,0.09090909090909091,0.09090909090909091,0.09090909090909091,0.0,0.0,0.0,0.0,0.09090909090909091,0.09090909090909091,0.09090909090909091,11.0
