k,ndcg,recall,precision,mrr
1,0.19559032716927455,0.19559032716927455,0.19559032716927455,0.19559032716927455
2,0.2763636953363175,0.3236130867709815,0.16180654338549075,0.259601706970128
3,0.3211716611969149,0.4132290184921764,0.13774300616405877,0.2894736842105263
4,0.34904617526852144,0.4779516358463727,0.11948790896159317,0.30565433854907537
5,0.367205695380527,0.5248933143669986,0.10497866287339969,0.31504267425320054
6,0.3836733107162463,0.5711237553342816,0.09518729255571359,0.3227477477477478
7,0.39932053688978825,0.6180654338549075,0.08829506197927248,0.32945370182212286
8,0.40964157837779935,0.6507823613086771,0.08134779516358463,0.33354331775384405
9,0.41734931653135793,0.6763869132290184,0.07515410146989096,0.3363882679672153
10,0.42618984820395334,0.7069701280227596,0.07069701280227596,0.33944658944658945
11,0.4319432944513806,0.7275960170697012,0.06614509246088195,0.3413216702690387
12,0.43713278959329926,0.7467994310099573,0.062233285917496446,0.34292195476406007
13,0.4408689138470289,0.7610241820768137,0.058540321698216435,0.3440161663845874
14,0.44542008783013365,0.7788051209103841,0.05562893720788456,0.3452862334441282
15,0.4482650380435049,0.7901849217638691,0.052678994784257936,0.3460448868343605
16,0.4500050845735066,0.7972972972972973,0.04983108108108108,0.3464894103051998
17,0.45136959362937085,0.8029871977240398,0.047234541042590575,0.3468241103303023
18,0.4525416152464166,0.8079658605974396,0.04488699225541332,0.3471007027121578
19,0.4536935693659887,0.8129445234708392,0.042786553866886276,0.34736273760023145
20,0.4559605561951191,0.8229018492176386,0.04114509246088193,0.34786060388757145
21,0.4572364812262291,0.8285917496443812,0.039456749983065774,0.34813155152694014
22,0.45849431752470704,0.8342816500711238,0.037921893185051084,0.3483901833645193
23,0.45989043319175527,0.8406827880512091,0.03655142556744387,0.34866849371147957
24,0.46188146991115575,0.8499288762446657,0.03541370317686107,0.349053747386207
25,0.4632432867546694,0.8563300142247511,0.03425320056899004,0.3493097929054104
26,0.4648886701802944,0.864153627311522,0.033236677973520076,0.3496107011010554
27,0.46636814811540467,0.8712660028449503,0.032269111216479636,0.3498741224171083
28,0.46666096011036967,0.8726884779516358,0.03116744564112984,0.3499249250994899
29,0.46753064025442587,0.8769559032716927,0.030239858733506653,0.35007207769673326
30,0.4679613282058813,0.8790896159317212,0.029302987197724038,0.35014320145206757
31,0.4685303182485555,0.8819345661450925,0.028449502133712654,0.3502349740395956
32,0.4688123095190685,0.883357041251778,0.027604907539118064,0.3502794263866795
33,0.46895211153345884,0.884068278805121,0.02678994784257942,0.35030097903981117
34,0.4697840845998619,0.8883357041251778,0.02612752070956405,0.3504264915492246
35,0.46992165672192254,0.8890469416785206,0.025401341190814882,0.35044681262217725
36,0.4704677697233637,0.8918918918918919,0.024774774774774782,0.3505258390169932
37,0.4706032970437241,0.8926031294452347,0.02412440890392526,0.35054506165357
38,0.47073786344451846,0.8933143669985776,0.023508272815752043,0.3505637784312895
39,0.47100514911266794,0.8947368421052632,0.022941970310391357,0.35060025215197377
40,0.4712706575212582,0.8961593172119487,0.022403982930298716,0.35063581402964095
41,0.471402555830942,0.8968705547652916,0.021874891579641256,0.35065316128703955
42,0.4719268483861303,0.8997155049786629,0.021421797737587206,0.3507208981968817
43,0.47205712523599785,0.9004267425320057,0.0209401568030699,0.350737438605099
44,0.4724456484944686,0.9025604551920341,0.020512737618000782,0.3507859320746451
45,0.47270317708163784,0.9039829302987198,0.020088509562193775,0.3508175426325714
46,0.4729592671622306,0.9054054054054054,0.019682726204465335,0.35084846600445585
47,0.4729592671622306,0.9054054054054054,0.01926394479585969,0.35084846600445585
48,0.4730859411263515,0.9061166429587483,0.01887743006164059,0.3508632834534839
49,0.4733379806998018,0.9075391180654339,0.0185212064911313,0.35089231355770195
50,0.4737141359652119,0.9096728307254623,0.018193456614509246,0.3509349878109025
51,0.47383890485822894,0.9103840682788051,0.017850668005466766,0.3509489336452818
52,0.4740872454415121,0.9118065433854907,0.017534741218951745,0.350976288935795
53,0.47445801075347105,0.9139402560455192,0.017244155774443756,0.3510165476652295
54,0.4747040558323403,0.9153627311522048,0.016951161688003792,0.35104288979683473
55,0.4747040558323403,0.9153627311522048,0.01664295874822191,0.35104288979683473
56,0.47506986294594034,0.9174964438122333,0.016383865068075588,0.35108099180862096
57,0.47519127637386616,0.9182076813655761,0.01610890669062414,0.351093469660434
58,0.4755539896376363,0.9203413940256046,0.01586795506940698,0.35113025780974483
59,0.4761560302051996,0.9238975817923186,0.015659281047327434,0.3511905321786722
60,0.4763958781407466,0.9253200568990043,0.015422000948316738,0.35121424009711694
61,0.4763958781407466,0.9253200568990043,0.015169181260639413,0.35121424009711694
62,0.47663385848044804,0.9267425320056899,0.014947460193640157,0.351237183243999
63,0.47687093766489563,0.9281650071123755,0.014732777890672625,0.3512597622139464
64,0.47687093766489563,0.9281650071123755,0.014502578236130867,0.3512597622139464
65,0.4769886066221638,0.9288762446657184,0.014290403764087974,0.3512707043301516
66,0.4771058547421654,0.9295874822190612,0.014084658821500923,0.35128148065671744
67,0.477222691193063,0.930298719772404,0.013885055518991104,0.3512920961425882
68,0.4774555584127575,0.9317211948790897,0.013701782277633672,0.3513130148941571
69,0.47768763696138267,0.9331436699857752,0.01352382130414167,0.35133363047541344
70,0.47768763696138267,0.9331436699857752,0.01333062385693965,0.35133363047541344
71,0.47768763696138267,0.9331436699857752,0.01314286859134895,0.35133363047541344
72,0.47768763696138267,0.9331436699857752,0.012960328749802439,0.35133363047541344
73,0.477916719140268,0.9345661450924608,0.012802275960170697,0.35135311643577904
74,0.477916719140268,0.9345661450924608,0.012629272230979201,0.35135311643577904
75,0.47803055489649476,0.9352773826458037,0.012470365101944048,0.3513625996031569
76,0.4781440480797593,0.9359886201991465,0.012315639739462453,0.3513719579920167
77,0.4784835192203054,0.938122332859175,0.012183406920249029,0.35139966854604304
78,0.4785963463603592,0.9388335704125178,0.012036327825801508,0.3514087869762141
79,0.47882135289085676,0.9402560455192034,0.011901975259736752,0.3514267929902228
80,0.47882135289085676,0.9402560455192034,0.011753200568990041,0.3514267929902228
81,0.478933225755259,0.9409672830725462,0.011616880037932669,0.3514355737007579
82,0.478933225755259,0.9409672830725462,0.011475210769177391,0.3514355737007579
83,0.4790444901850898,0.9416785206258891,0.011345524344890228,0.3514441428279066
84,0.4790444901850898,0.9416785206258891,0.011210458578879631,0.3514441428279066
85,0.4792658435156766,0.9431009957325747,0.011095305832147935,0.35146087782916174
86,0.4794866238325616,0.9445234708392604,0.010982831056270468,0.351477418237379
87,0.4794866238325616,0.9445234708392604,0.010856591618842074,0.351477418237379
88,0.4794866238325616,0.9445234708392604,0.010733221259537051,0.351477418237379
89,0.47959618231190315,0.9452347083926032,0.010620614701040485,0.35148540967056263
90,0.47970547241595,0.9459459459459459,0.010510510510510511,0.3514933123100442
91,0.47970547241595,0.9459459459459459,0.010395010395010396,0.3514933123100442
92,0.479814238325127,0.9466571834992887,0.010289751994557485,0.35150104315301534
93,0.47992274819041947,0.9473684210526315,0.010186757215619699,0.35150869086864267
94,0.47992274819041947,0.9473684210526315,0.01007838745800672,0.35150869086864267
95,0.48003075754556235,0.9480796586059744,0.00997978588006289,0.3515161775797304
96,0.48003075754556235,0.9480796586059744,0.009875829777145568,0.3515161775797304
97,0.480138281166417,0.9487908961593172,0.009781349444941415,0.3515235099256412
98,0.480138281166417,0.9487908961593172,0.009681539756727727,0.3515235099256412
99,0.48024533308521644,0.94950213371266,0.00959093064356222,0.35153069414335175
100,0.48035215419703986,0.9502133712660028,0.009502133712660028,0.35153780651888517
