family,name,run,w,k,center,seed,reps,index_mb,single_query_latency_ms,index_build_seconds,ndcg@10,recall@100,recall@20,rerank_ndcg@10,k_sim,d_proj,k1,b,alpha
SMVE,w1024_k16_center_seed0,w1024_k16_center_seed0,1024.0,16.0,True,0.0,1.0,16.007168,5.19,16.348,0.32289,0.67994,0.52411,0.6060399932437089,,,,,
SMVE,w1024_k16_seed0,w1024_k16_seed0,1024.0,16.0,False,0.0,1.0,13.026088,3.94,10.739,0.32543,0.657,0.48678,0.5802924365738784,,,,,
SMVE,w1024_k32_center_seed0,w1024_k32_center_seed0,1024.0,32.0,True,0.0,,22.556448,7.4,16.096,0.34373,0.676,0.53883,0.603866374287501,,,,,
SMVE,w1024_k32_seed0,w1024_k32_seed0,1024.0,32.0,False,0.0,,18.83812,6.17,10.138,0.32647,0.68189,0.5305,0.5950247307741781,,,,,
SMVE,w1024_k4_center_seed0,w1024_k4_center_seed0,1024.0,4.0,True,0.0,1.0,7.012024,2.23,17.386,0.22585,0.56328,0.37789,0.5184430661577174,,,,,
SMVE,w1024_k4_seed0,w1024_k4_seed0,1024.0,4.0,False,0.0,1.0,5.602568,2.08,9.963,0.19769,0.50578,0.30706,0.4764839395812291,,,,,
SMVE,w1024_k64_center_seed0,w1024_k64_center_seed0,1024.0,64.0,True,0.0,1.0,29.80192,9.92,20.052,0.32509,0.67478,0.50689,0.599976193655241,,,,,
SMVE,w1024_k64_seed0,w1024_k64_seed0,1024.0,64.0,False,0.0,1.0,25.819112,8.72,14.925,0.30256,0.67356,0.50967,0.5967417151789688,,,,,
SMVE,w1024_k8_center_seed0,w1024_k8_center_seed0,1024.0,8.0,True,0.0,,10.794304,3.37,14.818,0.28876,0.62561,0.46122,0.558339553629685,,,,,
SMVE,w1024_k8_seed0,w1024_k8_seed0,1024.0,8.0,False,0.0,,8.660088,3.09,12.277,0.25507,0.60783,0.43456,0.5445982200958998,,,,,
SMVE,w131072_k16_center_seed0,w131072_k16_center_seed0,131072.0,16.0,True,0.0,1.0,59.032376,90.48,545.171,0.51072,0.83167,0.70144,0.6751464592321552,,,,,
SMVE,w131072_k16_seed0,w131072_k16_seed0,131072.0,16.0,False,0.0,1.0,46.365192,65.5,494.826,0.50973,0.8,0.677,0.6681972275499949,,,,,
SMVE,w131072_k32_center_seed0,w131072_k32_center_seed0,131072.0,32.0,True,0.0,1.0,105.425776,133.81,509.238,0.56668,0.84133,0.76433,0.6807984842888797,,,,,
SMVE,w131072_k32_seed0,w131072_k32_seed0,131072.0,32.0,False,0.0,1.0,82.327072,107.2,508.596,0.5391,0.855,0.70644,0.6849228095723697,,,,,
SMVE,w131072_k64_center_seed0,w131072_k64_center_seed0,131072.0,64.0,True,0.0,1.0,185.186232,203.87,505.793,0.59791,0.843,0.76733,0.6830825548489958,,,,,
SMVE,w131072_k64_seed0,w131072_k64_seed0,131072.0,64.0,False,0.0,1.0,144.171744,169.48,512.814,0.56996,0.86067,0.75089,0.6899782489317373,,,,,
SMVE,w16384_k16_center_seed0,w16384_k16_center_seed0,16384.0,16.0,True,0.0,1.0,40.303368,21.5,53.221,0.47624,0.788,0.67322,0.6541259610598669,,,,,
SMVE,w16384_k16_seed0,w16384_k16_seed0,16384.0,16.0,False,0.0,1.0,31.895728,17.42,47.375,0.44775,0.77833,0.63522,0.6485157949899457,,,,,
SMVE,w16384_k32_center_seed0,w16384_k32_center_seed0,16384.0,32.0,True,0.0,,67.310432,36.86,54.526,0.51847,0.83233,0.70722,0.6699928590525037,,,,,
SMVE,w16384_k32_seed0,w16384_k32_seed0,16384.0,32.0,False,0.0,,53.19808,25.76,47.466,0.48657,0.80833,0.66911,0.6729159375104358,,,,,
SMVE,w16384_k4_center_seed0,w16384_k4_center_seed0,16384.0,4.0,True,0.0,1.0,13.637472,9.49,50.029,0.3006,0.61956,0.44256,0.548502136997973,,,,,
SMVE,w16384_k4_seed0,w16384_k4_seed0,16384.0,4.0,False,0.0,1.0,10.959976,12.43,48.389,0.27464,0.58917,0.43683,0.5313328070828182,,,,,
SMVE,w16384_k64_center_seed0,w16384_k64_center_seed0,16384.0,64.0,True,0.0,1.0,109.231136,78.72,61.118,0.53106,0.833,0.73656,0.6791129356657942,,,,,
SMVE,w16384_k64_seed0,w16384_k64_seed0,16384.0,64.0,False,0.0,1.0,86.668048,54.81,51.742,0.50421,0.82167,0.71156,0.6757226381111504,,,,,
SMVE,w16384_k8_center_seed0,w16384_k8_center_seed0,16384.0,8.0,True,0.0,,23.62832,17.66,53.899,0.41199,0.70456,0.58528,0.6099104722320471,,,,,
SMVE,w16384_k8_seed0,w16384_k8_seed0,16384.0,8.0,False,0.0,,18.787936,12.38,46.826,0.37092,0.72956,0.54394,0.6151680047820247,,,,,
SMVE,w2048_k16_center_seed0,w2048_k16_center_seed0,2048.0,16.0,True,0.0,1.0,21.602152,7.49,19.085,0.38919,0.71822,0.54789,0.6146428816778884,,,,,
SMVE,w2048_k16_r2_center_seed0,w2048_k16_r2_center_seed0,2048.0,16.0,True,0.0,2.0,43.079832,16.6,23.207,0.472,0.78167,0.63978,0.6601591423818419,,,,,
SMVE,w2048_k16_r2_seed0,w2048_k16_r2_seed0,2048.0,16.0,False,0.0,2.0,34.547728,13.63,17.372,0.42819,0.77733,0.61756,0.6627886122236251,,,,,
SMVE,w2048_k16_r4_center_seed0,w2048_k16_r4_center_seed0,2048.0,16.0,True,0.0,4.0,86.232232,53.63,35.095,0.50273,0.80633,0.68444,0.6639971128139589,,,,,
SMVE,w2048_k16_r4_seed0,w2048_k16_r4_seed0,2048.0,16.0,False,0.0,4.0,67.953984,34.62,29.749,0.50716,0.82467,0.672,0.6875289099750641,,,,,
SMVE,w2048_k16_r8_center_seed0,w2048_k16_r8_center_seed0,2048.0,16.0,True,0.0,8.0,172.480352,127.13,63.245,0.52882,0.82067,0.72156,0.6734746367808166,,,,,
SMVE,w2048_k16_r8_seed0,w2048_k16_r8_seed0,2048.0,16.0,False,0.0,8.0,138.447416,104.42,55.092,0.51783,0.833,0.72611,0.6778084926171437,,,,,
SMVE,w2048_k16_seed0,w2048_k16_seed0,2048.0,16.0,False,0.0,1.0,17.22076,5.92,13.507,0.37709,0.69322,0.558,0.604904284738068,,,,,
SMVE,w2048_k32_center_seed0,w2048_k32_center_seed0,2048.0,32.0,True,0.0,1.0,32.160928,10.97,20.334,0.41305,0.74667,0.57633,0.6334175732609716,,,,,
SMVE,w2048_k32_seed0,w2048_k32_seed0,2048.0,32.0,False,0.0,1.0,26.245248,9.13,15.238,0.40836,0.725,0.60256,0.6274224604505193,,,,,
SMVE,w2048_k4_center_seed0,w2048_k4_center_seed0,2048.0,4.0,True,0.0,1.0,8.722024,3.17,17.187,0.30731,0.6035,0.46994,0.533859597748675,,,,,
SMVE,w2048_k4_seed0,w2048_k4_seed0,2048.0,4.0,False,0.0,1.0,6.817136,2.98,12.47,0.23528,0.567,0.36789,0.5213283891826206,,,,,
SMVE,w2048_k64_center_seed0,w2048_k64_center_seed0,2048.0,64.0,True,0.0,1.0,45.35468,16.53,24.966,0.41601,0.77067,0.58478,0.6511755646068312,,,,,
SMVE,w2048_k64_seed0,w2048_k64_seed0,2048.0,64.0,False,0.0,1.0,38.209216,13.62,19.273,0.42099,0.744,0.60433,0.6373897555246427,,,,,
SMVE,w2048_k8_center_seed0,w2048_k8_center_seed0,2048.0,8.0,True,0.0,1.0,13.926512,4.77,17.472,0.35986,0.67589,0.51567,0.5903932420953715,,,,,
SMVE,w2048_k8_r2_center_seed0,w2048_k8_r2_center_seed0,2048.0,8.0,True,0.0,2.0,27.775816,11.33,21.579,0.45319,0.766,0.65044,0.6500662151516978,,,,,
SMVE,w2048_k8_r2_seed0,w2048_k8_r2_seed0,2048.0,8.0,False,0.0,2.0,22.10488,8.66,18.461,0.39584,0.73789,0.55839,0.6396957461078036,,,,,
SMVE,w2048_k8_r4_center_seed0,w2048_k8_r4_center_seed0,2048.0,8.0,True,0.0,4.0,55.595416,22.54,33.341,0.50938,0.79133,0.68444,0.66069977471662,,,,,
SMVE,w2048_k8_r4_seed0,w2048_k8_r4_seed0,2048.0,8.0,False,0.0,4.0,43.211464,17.77,28.44,0.48009,0.77522,0.64,0.6655797658924354,,,,,
SMVE,w2048_k8_r8_center_seed0,w2048_k8_r8_center_seed0,2048.0,8.0,True,0.0,8.0,111.221144,76.73,55.608,0.52536,0.848,0.73167,0.6879520660618742,,,,,
SMVE,w2048_k8_r8_seed0,w2048_k8_r8_seed0,2048.0,8.0,False,0.0,8.0,88.434408,60.56,52.69,0.50943,0.819,0.70444,0.6732878019934502,,,,,
SMVE,w2048_k8_seed0,w2048_k8_seed0,2048.0,8.0,False,0.0,1.0,10.95128,3.96,12.48,0.29668,0.65728,0.49994,0.575337470137112,,,,,
SMVE,w32768_k16_center_seed0,w32768_k16_center_seed0,32768.0,16.0,True,0.0,1.0,46.667576,29.85,90.526,0.52289,0.78967,0.666,0.6648469758562523,,,,,
SMVE,w32768_k16_seed0,w32768_k16_seed0,32768.0,16.0,False,0.0,1.0,36.634304,25.28,85.275,0.46033,0.815,0.65033,0.668358841964764,,,,,
SMVE,w32768_k32_center_seed0,w32768_k32_center_seed0,32768.0,32.0,True,0.0,1.0,80.03096,59.58,99.39,0.54931,0.848,0.72111,0.6908268792947121,,,,,
SMVE,w32768_k32_seed0,w32768_k32_seed0,32768.0,32.0,False,0.0,1.0,62.687744,42.91,93.972,0.51101,0.825,0.70467,0.6802760364537659,,,,,
SMVE,w32768_k4_center_seed0,w32768_k4_center_seed0,32768.0,4.0,True,0.0,1.0,15.15728,14.26,92.066,0.32313,0.62961,0.50406,0.5492039225375048,,,,,
SMVE,w32768_k4_seed0,w32768_k4_seed0,32768.0,4.0,False,0.0,1.0,12.060368,13.9,84.386,0.3013,0.62983,0.45289,0.5605178004204155,,,,,
SMVE,w32768_k64_center_seed0,w32768_k64_center_seed0,32768.0,64.0,True,0.0,1.0,134.03432,106.31,101.264,0.55666,0.84633,0.74556,0.6845266122047632,,,,,
SMVE,w32768_k64_seed0,w32768_k64_seed0,32768.0,64.0,False,0.0,1.0,105.136744,82.16,93.795,0.53951,0.834,0.73,0.6834848335357816,,,,,
SMVE,w32768_k8_center_seed0,w32768_k8_center_seed0,32768.0,8.0,True,0.0,1.0,26.736152,20.92,88.611,0.42918,0.74956,0.60422,0.6360475515455255,,,,,
SMVE,w32768_k8_seed0,w32768_k8_seed0,32768.0,8.0,False,0.0,1.0,21.117872,16.79,84.446,0.40187,0.70394,0.56606,0.604310953762703,,,,,
SMVE,w4096_k16_center_seed0,w4096_k16_center_seed0,4096.0,16.0,True,0.0,1.0,27.484808,10.55,22.909,0.45772,0.76,0.63378,0.6470984068347667,,,,,
SMVE,w4096_k16_r2_center_seed0,w4096_k16_r2_center_seed0,4096.0,16.0,True,0.0,2.0,55.025456,23.26,34.906,0.50902,0.79467,0.68211,0.6639534720307231,,,,,
SMVE,w4096_k16_r2_seed0,w4096_k16_r2_seed0,4096.0,16.0,False,0.0,2.0,42.718112,18.07,28.581,0.49398,0.78133,0.64306,0.6667550856843037,,,,,
SMVE,w4096_k16_r4_center_seed0,w4096_k16_r4_center_seed0,4096.0,16.0,True,0.0,4.0,110.11868,77.34,58.897,0.52827,0.83633,0.72933,0.6845493681776992,,,,,
SMVE,w4096_k16_r4_seed0,w4096_k16_r4_seed0,4096.0,16.0,False,0.0,4.0,87.445448,61.5,55.727,0.51182,0.82233,0.71278,0.6775774144773883,,,,,
SMVE,w4096_k16_r8_center_seed0,w4096_k16_r8_center_seed0,4096.0,16.0,True,0.0,8.0,219.985376,170.89,108.235,0.5565,0.85467,0.73333,0.6822436322592657,,,,,
SMVE,w4096_k16_r8_seed0,w4096_k16_r8_seed0,4096.0,16.0,False,0.0,8.0,173.76308,138.85,99.677,0.55258,0.84133,0.72267,0.685450958980645,,,,,
SMVE,w4096_k16_seed0,w4096_k16_seed0,4096.0,16.0,False,0.0,1.0,21.814056,8.47,17.798,0.39475,0.74244,0.55767,0.6383627003938462,,,,,
SMVE,w4096_k32_center_seed0,w4096_k32_center_seed0,4096.0,32.0,True,0.0,,42.854096,16.87,23.881,0.47383,0.79567,0.64478,0.6613005225216274,,,,,
SMVE,w4096_k32_seed0,w4096_k32_seed0,4096.0,32.0,False,0.0,,34.30408,13.6,17.214,0.43121,0.77733,0.60756,0.6611575121708008,,,,,
SMVE,w4096_k4_center_seed0,w4096_k4_center_seed0,4096.0,4.0,True,0.0,1.0,10.349424,5.07,22.295,0.3131,0.64322,0.45644,0.5747550906243108,,,,,
SMVE,w4096_k4_seed0,w4096_k4_seed0,4096.0,4.0,False,0.0,1.0,8.22492,4.54,16.825,0.27039,0.54478,0.3955,0.4954733327336125,,,,,
SMVE,w4096_k64_center_seed0,w4096_k64_center_seed0,4096.0,64.0,True,0.0,1.0,63.980168,27.92,28.372,0.47019,0.78233,0.64889,0.6645438212469855,,,,,
SMVE,w4096_k64_seed0,w4096_k64_seed0,4096.0,64.0,False,0.0,1.0,52.073624,19.86,22.338,0.44872,0.79767,0.63744,0.6754607958891351,,,,,
SMVE,w4096_k8_center_seed0,w4096_k8_center_seed0,4096.0,8.0,True,0.0,,17.058584,7.17,20.773,0.40673,0.72178,0.56433,0.6276567893609964,,,,,
SMVE,w4096_k8_r2_center_seed0,w4096_k8_r2_center_seed0,4096.0,8.0,True,0.0,2.0,34.153784,14.69,31.62,0.47536,0.75833,0.64878,0.6388984464963446,,,,,
SMVE,w4096_k8_r2_seed0,w4096_k8_r2_seed0,4096.0,8.0,False,0.0,2.0,26.316448,11.66,26.435,0.4628,0.73522,0.62072,0.6354832503206179,,,,,
SMVE,w4096_k8_r4_center_seed0,w4096_k8_r4_center_seed0,4096.0,8.0,True,0.0,4.0,68.36016,37.21,54.184,0.50766,0.82067,0.72556,0.6712667339905013,,,,,
SMVE,w4096_k8_r4_seed0,w4096_k8_r4_seed0,4096.0,8.0,False,0.0,4.0,54.108008,25.86,46.614,0.49371,0.80556,0.70311,0.6718004951734078,,,,,
SMVE,w4096_k8_r8_center_seed0,w4096_k8_r8_center_seed0,4096.0,8.0,True,0.0,8.0,136.505528,102.86,96.858,0.55665,0.84533,0.75722,0.6864935949447027,,,,,
SMVE,w4096_k8_r8_seed0,w4096_k8_r8_seed0,4096.0,8.0,False,0.0,8.0,107.295856,89.64,95.235,0.53763,0.84233,0.72089,0.6847483221580628,,,,,
SMVE,w4096_k8_seed0,w4096_k8_seed0,4096.0,8.0,False,0.0,,13.518648,5.71,17.362,0.34623,0.61861,0.4895,0.5557279706400355,,,,,
SMVE,w65536_k16_center_seed0,w65536_k16_center_seed0,65536.0,16.0,True,0.0,1.0,52.955368,47.05,190.3,0.4896,0.826,0.69711,0.6762224570209703,,,,,
SMVE,w65536_k16_seed0,w65536_k16_seed0,65536.0,16.0,False,0.0,1.0,41.776784,40.29,195.401,0.48518,0.78333,0.66589,0.6604357726826485,,,,,
SMVE,w65536_k32_center_seed0,w65536_k32_center_seed0,65536.0,32.0,True,0.0,,92.8162,86.65,196.6,0.54709,0.85733,0.746,0.6897501838720933,,,,,
SMVE,w65536_k32_seed0,w65536_k32_seed0,65536.0,32.0,False,0.0,,72.821024,64.72,186.709,0.5442,0.825,0.74033,0.6779168082149968,,,,,
SMVE,w65536_k4_center_seed0,w65536_k4_center_seed0,65536.0,4.0,True,0.0,1.0,16.604584,33.82,208.357,0.35726,0.63128,0.51894,0.5629594663274579,,,,,
SMVE,w65536_k4_seed0,w65536_k4_seed0,65536.0,4.0,False,0.0,1.0,13.3626,27.79,199.798,0.32069,0.62644,0.47344,0.5486455193211313,,,,,
SMVE,w65536_k64_center_seed0,w65536_k64_center_seed0,65536.0,64.0,True,0.0,1.0,159.592928,141.54,198.44,0.5719,0.86467,0.75267,0.6971141091265631,,,,,
SMVE,w65536_k64_seed0,w65536_k64_seed0,65536.0,64.0,False,0.0,1.0,124.9042,118.09,202.758,0.5553,0.84567,0.74033,0.6876571403549198,,,,,
SMVE,w65536_k8_center_seed0,w65536_k8_center_seed0,65536.0,8.0,True,0.0,,29.779448,37.06,196.8,0.43784,0.74267,0.63367,0.6440826715719984,,,,,
SMVE,w65536_k8_seed0,w65536_k8_seed0,65536.0,8.0,False,0.0,,23.703552,30.34,191.967,0.44019,0.72733,0.59078,0.6293519498787358,,,,,
SMVE,w8192_k16_center_seed0,w8192_k16_center_seed0,8192.0,16.0,True,0.0,1.0,33.8066,15.04,33.912,0.47017,0.76667,0.65267,0.6485072867553874,,,,,
SMVE,w8192_k16_r2_center_seed0,w8192_k16_r2_center_seed0,8192.0,16.0,True,0.0,2.0,67.678344,33.88,54.126,0.51352,0.82567,0.70556,0.6734620000869114,,,,,
SMVE,w8192_k16_r2_seed0,w8192_k16_r2_seed0,8192.0,16.0,False,0.0,2.0,53.499056,25.06,48.085,0.48018,0.795,0.68411,0.6616264281529873,,,,,
SMVE,w8192_k16_r4_center_seed0,w8192_k16_r4_center_seed0,8192.0,16.0,True,0.0,4.0,135.127528,110.35,104.197,0.55797,0.84467,0.73956,0.6859265941377276,,,,,
SMVE,w8192_k16_r4_seed0,w8192_k16_r4_seed0,8192.0,16.0,False,0.0,4.0,106.135528,86.06,95.97,0.53766,0.835,0.73267,0.681467742613972,,,,,
SMVE,w8192_k16_r8_center_seed0,w8192_k16_r8_center_seed0,8192.0,16.0,True,0.0,8.0,270.156952,223.46,210.192,0.56808,0.87133,0.76,0.6959369756794223,,,,,
SMVE,w8192_k16_r8_seed0,w8192_k16_r8_seed0,8192.0,16.0,False,0.0,8.0,212.0816,176.81,207.136,0.56539,0.85467,0.75267,0.6929439169554205,,,,,
SMVE,w8192_k16_seed0,w8192_k16_seed0,8192.0,16.0,False,0.0,1.0,26.012528,11.89,28.129,0.46587,0.76022,0.62156,0.6542500425825735,,,,,
SMVE,w8192_k32_center_seed0,w8192_k32_center_seed0,8192.0,32.0,True,0.0,1.0,54.736936,22.22,34.313,0.5009,0.80633,0.67544,0.6631789934908557,,,,,
SMVE,w8192_k32_seed0,w8192_k32_seed0,8192.0,32.0,False,0.0,1.0,42.460984,20.12,30.899,0.48979,0.79633,0.64289,0.6687667901811793,,,,,
SMVE,w8192_k4_center_seed0,w8192_k4_center_seed0,8192.0,4.0,True,0.0,1.0,12.003192,6.67,31.978,0.32527,0.63867,0.48428,0.5656802301641852,,,,,
SMVE,w8192_k4_seed0,w8192_k4_seed0,8192.0,4.0,False,0.0,1.0,9.251944,6.3,26.532,0.27326,0.59628,0.42394,0.5513391139709436,,,,,
SMVE,w8192_k64_center_seed0,w8192_k64_center_seed0,8192.0,64.0,True,0.0,1.0,85.546856,50.61,37.938,0.51262,0.815,0.68422,0.6629148593759258,,,,,
SMVE,w8192_k64_seed0,w8192_k64_seed0,8192.0,64.0,False,0.0,1.0,67.347024,31.13,32.062,0.51356,0.82633,0.67933,0.6758861982362759,,,,,
SMVE,w8192_k8_center_seed0,w8192_k8_center_seed0,8192.0,8.0,True,0.0,1.0,20.325784,9.85,32.575,0.41645,0.71933,0.60928,0.6179333840161,,,,,
SMVE,w8192_k8_r2_center_seed0,w8192_k8_r2_center_seed0,8192.0,8.0,True,0.0,2.0,40.69336,22.99,54.668,0.48757,0.80133,0.671,0.6589485154294378,,,,,
SMVE,w8192_k8_r2_seed0,w8192_k8_r2_seed0,8192.0,8.0,False,0.0,2.0,32.239104,17.09,46.35,0.4431,0.79133,0.65367,0.6550207510123073,,,,,
SMVE,w8192_k8_r4_center_seed0,w8192_k8_r4_center_seed0,8192.0,8.0,True,0.0,4.0,81.240416,54.14,93.199,0.55687,0.83633,0.71778,0.6901432087295379,,,,,
SMVE,w8192_k8_r4_seed0,w8192_k8_r4_seed0,8192.0,8.0,False,0.0,4.0,63.793496,40.4,89.698,0.50396,0.84833,0.72022,0.6922631632537436,,,,,
SMVE,w8192_k8_r8_center_seed0,w8192_k8_r8_center_seed0,8192.0,8.0,True,0.0,8.0,162.42744,144.25,199.736,0.56108,0.87133,0.76322,0.6970480867905333,,,,,
SMVE,w8192_k8_r8_seed0,w8192_k8_r8_seed0,8192.0,8.0,False,0.0,8.0,127.440992,129.44,223.479,0.5634,0.84633,0.74433,0.6880997285950716,,,,,
SMVE,w8192_k8_seed0,w8192_k8_seed0,8192.0,8.0,False,0.0,1.0,15.614216,9.04,28.409,0.36757,0.66444,0.55906,0.5955014793752855,,,,,
MUVERA,r10_k4_p16_center_seed0,r10_k4_p16_center_seed0,,,True,0.0,10.0,53.07392,3.047,9.672,0.31174,0.67456,0.49406,0.5799827858035781,4.0,16.0,,,
MUVERA,r10_k4_p16_seed0,r10_k4_p16_seed0,,,False,0.0,10.0,53.07392,2.484,9.308,0.34414,0.70478,0.53917,0.5943004305348355,4.0,16.0,,,
MUVERA,r10_k4_p32_center_seed0,r10_k4_p32_center_seed0,,,True,0.0,10.0,106.14784,4.945,10.568,0.42103,0.79233,0.63456,0.6587528138177687,4.0,32.0,,,
MUVERA,r10_k4_p32_seed0,r10_k4_p32_seed0,,,False,0.0,10.0,106.14784,4.358,10.741,0.45008,0.80567,0.66333,0.6659010980452106,4.0,32.0,,,
MUVERA,r10_k4_p8_center_seed0,r10_k4_p8_center_seed0,,,True,0.0,10.0,26.53696,0.925,9.683,0.20383,0.57544,0.38283,0.5130690435245129,4.0,8.0,,,
MUVERA,r10_k4_p8_seed0,r10_k4_p8_seed0,,,False,0.0,10.0,26.53696,0.954,9.953,0.23687,0.57533,0.41506,0.5043278045302438,4.0,8.0,,,
MUVERA,r10_k5_p16_center_seed0,r10_k5_p16_center_seed0,,,True,0.0,10.0,106.14784,4.634,10.764,0.3883,0.70678,0.56122,0.601202040124428,5.0,16.0,,,
MUVERA,r10_k5_p16_seed0,r10_k5_p16_seed0,,,False,0.0,10.0,106.14784,4.741,10.508,0.31893,0.71778,0.52489,0.6215858097363641,5.0,16.0,,,
MUVERA,r10_k5_p32_center_seed0,r10_k5_p32_center_seed0,,,True,0.0,10.0,212.29568,8.717,10.82,0.43029,0.78289,0.64489,0.6577522479340859,5.0,32.0,,,
MUVERA,r10_k5_p32_seed0,r10_k5_p32_seed0,,,False,0.0,10.0,212.29568,8.074,10.325,0.44616,0.79022,0.66378,0.6639429036709447,5.0,32.0,,,
MUVERA,r10_k5_p8_center_seed0,r10_k5_p8_center_seed0,,,True,0.0,10.0,53.07392,2.443,10.417,0.2186,0.57467,0.39367,0.5294222229982978,5.0,8.0,,,
MUVERA,r10_k5_p8_seed0,r10_k5_p8_seed0,,,False,0.0,10.0,53.07392,2.048,10.022,0.25487,0.57511,0.40506,0.52038311323978,5.0,8.0,,,
MUVERA,r10_k6_p16_center_seed0,r10_k6_p16_center_seed0,,,True,0.0,10.0,212.29568,8.835,12.347,0.36996,0.745,0.546,0.6171412183061995,6.0,16.0,,,
MUVERA,r10_k6_p16_seed0,r10_k6_p16_seed0,,,False,0.0,10.0,212.29568,9.007,11.191,0.35741,0.71878,0.52561,0.6054859021806589,6.0,16.0,,,
MUVERA,r10_k6_p32_center_seed0,r10_k6_p32_center_seed0,,,True,0.0,10.0,424.59136,9.797,11.546,0.47502,0.81522,0.66539,0.6702896339661268,6.0,32.0,,,
MUVERA,r10_k6_p32_seed0,r10_k6_p32_seed0,,,False,0.0,10.0,424.59136,10.678,11.789,0.46752,0.81922,0.65872,0.6767045032103114,6.0,32.0,,,
MUVERA,r10_k6_p8_center_seed0,r10_k6_p8_center_seed0,,,True,0.0,10.0,106.14784,4.421,11.013,0.22889,0.62,0.419,0.5416366999728193,6.0,8.0,,,
MUVERA,r10_k6_p8_seed0,r10_k6_p8_seed0,,,False,0.0,10.0,106.14784,3.765,11.588,0.2191,0.55411,0.39772,0.49407131308081925,6.0,8.0,,,
MUVERA,r20_k4_p16_center_seed0,r20_k4_p16_center_seed0,,,True,0.0,20.0,106.14784,4.428,10.96,0.43217,0.78122,0.63267,0.6495747555384055,4.0,16.0,,,
MUVERA,r20_k4_p16_seed0,r20_k4_p16_seed0,,,False,0.0,20.0,106.14784,4.633,9.97,0.47949,0.82178,0.68056,0.6708635412696146,4.0,16.0,,,
MUVERA,r20_k4_p32_center_seed0,r20_k4_p32_center_seed0,,,True,0.0,20.0,212.29568,8.378,12.006,0.4972,0.82189,0.70233,0.6871939655627625,4.0,32.0,,,
MUVERA,r20_k4_p32_seed0,r20_k4_p32_seed0,,,False,0.0,20.0,212.29568,7.825,11.861,0.49855,0.80844,0.70222,0.6730903573271236,4.0,32.0,,,
MUVERA,r20_k4_p8_center_seed0,r20_k4_p8_center_seed0,,,True,0.0,20.0,53.07392,2.297,11.217,0.33011,0.67878,0.50261,0.5897204309872043,4.0,8.0,,,
MUVERA,r20_k4_p8_seed0,r20_k4_p8_seed0,,,False,0.0,20.0,53.07392,2.077,10.007,0.34206,0.68433,0.51511,0.6011490200272941,4.0,8.0,,,
MUVERA,r20_k5_p16_center_seed0,r20_k5_p16_center_seed0,,,True,0.0,20.0,212.29568,8.608,13.509,0.45497,0.78633,0.64833,0.6483425826731651,5.0,16.0,,,
MUVERA,r20_k5_p16_seed0,r20_k5_p16_seed0,,,False,0.0,20.0,212.29568,8.552,12.343,0.48223,0.77589,0.67678,0.6333346543076913,5.0,16.0,,,
MUVERA,r20_k5_p32_center_seed0,r20_k5_p32_center_seed0,,,True,0.0,20.0,424.59136,11.242,13.94,0.48415,0.834,0.694,0.6678920241170239,5.0,32.0,,,
MUVERA,r20_k5_p32_seed0,r20_k5_p32_seed0,,,False,0.0,20.0,424.59136,12.916,12.764,0.49499,0.82233,0.69344,0.6752600420128997,5.0,32.0,,,
MUVERA,r20_k5_p8_center_seed0,r20_k5_p8_center_seed0,,,True,0.0,20.0,106.14784,3.982,11.873,0.37908,0.74367,0.58678,0.6210784979102393,5.0,8.0,,,
MUVERA,r20_k5_p8_seed0,r20_k5_p8_seed0,,,False,0.0,20.0,106.14784,3.926,11.459,0.36451,0.72344,0.56761,0.6143862481822765,5.0,8.0,,,
MUVERA,r20_k6_p16_center_seed0,r20_k6_p16_center_seed0,,,True,0.0,20.0,424.59136,9.765,15.226,0.44683,0.778,0.64333,0.6492319489878897,6.0,16.0,,,
MUVERA,r20_k6_p16_seed0,r20_k6_p16_seed0,,,False,0.0,20.0,424.59136,10.086,14.051,0.42658,0.78967,0.61433,0.6573149284392437,6.0,16.0,,,
MUVERA,r20_k6_p32_center_seed0,r20_k6_p32_center_seed0,,,True,0.0,20.0,849.18272,16.367,16.402,0.48274,0.839,0.70233,0.6772735921867226,6.0,32.0,,,
MUVERA,r20_k6_p32_seed0,r20_k6_p32_seed0,,,False,0.0,20.0,849.18272,16.627,14.275,0.49745,0.82467,0.69278,0.676957682716929,6.0,32.0,,,
MUVERA,r20_k6_p8_center_seed0,r20_k6_p8_center_seed0,,,True,0.0,20.0,212.29568,7.34,13.973,0.3863,0.72522,0.57456,0.624113284202927,6.0,8.0,,,
MUVERA,r20_k6_p8_seed0,r20_k6_p8_seed0,,,False,0.0,20.0,212.29568,7.588,13.495,0.36699,0.72067,0.539,0.6057174296196653,6.0,8.0,,,
MUVERA,r40_k4_p16_center_seed0,r40_k4_p16_center_seed0,,,True,0.0,40.0,212.29568,8.332,14.322,0.48775,0.83267,0.6865,0.6661472807449356,4.0,16.0,,,
MUVERA,r40_k4_p16_seed0,r40_k4_p16_seed0,,,False,0.0,40.0,212.29568,8.27,11.972,0.49332,0.82978,0.683,0.6781151871228711,4.0,16.0,,,
MUVERA,r40_k4_p32_center_seed0,r40_k4_p32_center_seed0,,,True,0.0,40.0,424.59136,10.007,14.815,0.52831,0.854,0.74733,0.690896003920476,4.0,32.0,,,
MUVERA,r40_k4_p32_seed0,r40_k4_p32_seed0,,,False,0.0,40.0,424.59136,9.901,13.734,0.553,0.858,0.74456,0.6888327886397247,4.0,32.0,,,
MUVERA,r40_k4_p8_center_seed0,r40_k4_p8_center_seed0,,,True,0.0,40.0,106.14784,4.314,13.312,0.43165,0.80189,0.64622,0.6582691359568014,4.0,8.0,,,
MUVERA,r40_k4_p8_seed0,r40_k4_p8_seed0,,,False,0.0,40.0,106.14784,3.944,12.623,0.45214,0.80033,0.67067,0.6581609089032138,4.0,8.0,,,
MUVERA,r40_k5_p16_center_seed0,r40_k5_p16_center_seed0,,,True,0.0,40.0,424.59136,10.064,16.039,0.49697,0.82789,0.71622,0.6831371254258553,5.0,16.0,,,
MUVERA,r40_k5_p16_seed0,r40_k5_p16_seed0,,,False,0.0,40.0,424.59136,9.542,15.815,0.50482,0.81456,0.70344,0.6736619637987301,5.0,16.0,,,
MUVERA,r40_k5_p32_center_seed0,r40_k5_p32_center_seed0,,,True,0.0,40.0,849.18272,16.72,16.826,0.52892,0.86467,0.74956,0.6915210809751953,5.0,32.0,,,
MUVERA,r40_k5_p32_seed0,r40_k5_p32_seed0,,,False,0.0,40.0,849.18272,17.186,16.681,0.54381,0.86933,0.74744,0.6915407585992004,5.0,32.0,,,
MUVERA,r40_k5_p8_center_seed0,r40_k5_p8_center_seed0,,,True,0.0,40.0,212.29568,8.478,16.115,0.45739,0.824,0.67083,0.6760588599626149,5.0,8.0,,,
MUVERA,r40_k5_p8_seed0,r40_k5_p8_seed0,,,False,0.0,40.0,212.29568,7.76,14.292,0.47193,0.81189,0.66933,0.6689845207640253,5.0,8.0,,,
MUVERA,r40_k6_p16_center_seed0,r40_k6_p16_center_seed0,,,True,0.0,40.0,849.18272,17.244,21.838,0.53127,0.83089,0.72944,0.6774786300914649,6.0,16.0,,,
MUVERA,r40_k6_p16_seed0,r40_k6_p16_seed0,,,False,0.0,40.0,849.18272,17.112,21.262,0.51174,0.833,0.70933,0.681721634049715,6.0,16.0,,,
MUVERA,r40_k6_p32_center_seed0,r40_k6_p32_center_seed0,,,True,0.0,40.0,1698.36544,32.043,23.19,0.54403,0.853,0.75289,0.6898362219586047,6.0,32.0,,,
MUVERA,r40_k6_p32_seed0,r40_k6_p32_seed0,,,False,0.0,40.0,1698.36544,33.174,23.769,0.55594,0.84033,0.74344,0.6864709256089864,6.0,32.0,,,
MUVERA,r40_k6_p8_center_seed0,r40_k6_p8_center_seed0,,,True,0.0,40.0,424.59136,9.639,21.617,0.46026,0.829,0.67483,0.6712443619051366,6.0,8.0,,,
MUVERA,r40_k6_p8_seed0,r40_k6_p8_seed0,,,False,0.0,40.0,424.59136,8.979,20.296,0.4554,0.80844,0.65539,0.6634689241947321,6.0,8.0,,,
reference,Exhaustive MaxSim,colbert_maxsim,,,,,,3811.529216,535.39,0.0,0.69912,0.92033,0.855,0.69912185890855,,,,,
reference,BM25,bm25,,,,,,3.582632,1.045,0.712,0.68956,0.92489,0.86544,0.708638134110819,,,1.2,0.75,
reference,BGE-M3 dense,dense,,,,,,21.229568,0.673,0.0,0.65418,0.897,0.83022,0.6965751592705277,,,,,
reference,BGE-M3 lexical,lexical,,,,,,6.047432,2.279,0.0,0.63757,0.898,0.81378,0.704815195195154,,,,,
reference,BGE-M3 dense + lexical,hybrid_dense_lexical,,,,,,27.277,2.893,0.0,0.68422,0.92367,0.86022,0.6976862703816388,,,,,0.3
