run,reps,w,k,center,seed,index_build_seconds,query_encode_seconds,scoring_seconds,online_seconds,single_query_latency_ms,index_bytes,nnz_per_doc,nnz_per_query,ndcg@1,ndcg@3,ndcg@5,ndcg@10,ndcg@20,ndcg@50,ndcg@100,recall@1,recall@3,recall@5,recall@10,recall@20,recall@50,recall@100,precision@1,precision@3,precision@5,precision@10,precision@20,precision@50,precision@100,mrr@1,mrr@3,mrr@5,mrr@10,mrr@20,mrr@50,mrr@100,map@1,map@3,map@5,map@10,map@20,map@50,map@100
w16384_k16_center_seed0,1,16384,16,True,0,53.207,9.198,1.329,10.527,31.14,51611644,743.3,786.3,0.14723,0.25156,0.28926,0.34537,0.38235,0.40499,0.41284,0.14723,0.32646,0.41821,0.59175,0.73684,0.84993,0.89758,0.14723,0.10882,0.08364,0.05917,0.03684,0.017,0.00898,0.14723,0.2257,0.24657,0.26972,0.28003,0.28374,0.28447,0.14723,0.2257,0.24657,0.26972,0.28003,0.28374,0.28447
w16384_k16_seed0,1,16384,16,False,0,51.704,8.405,2.0206,10.426,30.99,37683180,542.5,568.3,0.13727,0.21803,0.25684,0.30381,0.33956,0.36348,0.37591,0.13727,0.27738,0.37198,0.51707,0.65789,0.77809,0.85491,0.13727,0.09246,0.0744,0.05171,0.03289,0.01556,0.00855,0.13727,0.19761,0.21905,0.23846,0.24834,0.25221,0.2533,0.13727,0.19761,0.21905,0.23846,0.24834,0.25221,0.2533
w16384_k32_center_seed0,1,16384,32,True,0,57.66,9.045,2.7111,11.756,51.6,87082812,1254.4,1321.8,0.15861,0.25778,0.30091,0.35424,0.39144,0.41445,0.42247,0.15861,0.33144,0.43599,0.601,0.74609,0.8606,0.90967,0.15861,0.11048,0.0872,0.0601,0.0373,0.01721,0.0091,0.15861,0.23246,0.25642,0.27843,0.28891,0.29273,0.29345,0.15861,0.23246,0.25642,0.27843,0.28891,0.29273,0.29345
w16384_k32_seed0,1,16384,32,False,0,53.097,8.41,2.9642,11.374,34.53,63535508,915.1,955.2,0.13869,0.22634,0.26684,0.31157,0.34741,0.37254,0.383,0.13869,0.2909,0.38905,0.52774,0.66785,0.79303,0.85704,0.13869,0.09697,0.07781,0.05277,0.03339,0.01586,0.00857,0.13869,0.20413,0.22664,0.24503,0.25509,0.25925,0.26019,0.13869,0.20413,0.22664,0.24503,0.25509,0.25925,0.26019
w16384_k64_center_seed0,1,16384,64,True,0,63.227,10.195,5.8415,16.036,111.28,143369172,2065.6,2164.2,0.15149,0.25432,0.29928,0.34897,0.38452,0.40777,0.41677,0.15149,0.33144,0.44026,0.59388,0.73329,0.84922,0.90469,0.15149,0.11048,0.08805,0.05939,0.03666,0.01698,0.00905,0.15149,0.22783,0.25287,0.27339,0.28331,0.28715,0.28794,0.15149,0.22783,0.25287,0.27339,0.28331,0.28715,0.28794
w16384_k64_seed0,1,16384,64,False,0,57.556,10.871,6.2979,17.169,71.8,105179428,1515.2,1576.9,0.1394,0.23306,0.27126,0.31535,0.3495,0.37516,0.38581,0.1394,0.30156,0.39403,0.53058,0.66643,0.79232,0.85775,0.1394,0.10052,0.07881,0.05306,0.03332,0.01585,0.00858,0.1394,0.20946,0.23073,0.24889,0.25816,0.26257,0.26351,0.1394,0.20946,0.23073,0.24889,0.25816,0.26257,0.26351
w4096_k16_center_seed0,1,4096,16,True,0,17.289,2.661,1.4638,4.125,17.07,36248020,521.9,546.3,0.13656,0.22843,0.26761,0.31942,0.35245,0.37881,0.38923,0.13656,0.29516,0.38976,0.5505,0.68137,0.81223,0.87624,0.13656,0.09839,0.07795,0.05505,0.03407,0.01624,0.00876,0.13656,0.20543,0.2273,0.24857,0.25762,0.26202,0.26294,0.13656,0.20543,0.2273,0.24857,0.25762,0.26202,0.26294
w4096_k16_seed0,1,4096,16,False,0,12.226,2.154,1.4231,3.577,10.9,26449596,380.7,395.0,0.12162,0.19527,0.23411,0.27754,0.30602,0.33257,0.3445,0.12162,0.25178,0.34637,0.48009,0.59246,0.72475,0.79872,0.12162,0.08393,0.06927,0.04801,0.02962,0.0145,0.00799,0.12162,0.17591,0.19739,0.21544,0.22329,0.22768,0.2287,0.12162,0.17591,0.19739,0.21544,0.22329,0.22768,0.2287
w4096_k32_center_seed0,1,4096,32,True,0,20.154,3.532,3.3792,6.911,24.06,57568124,829.1,863.8,0.133,0.2263,0.27028,0.31833,0.35244,0.37553,0.38761,0.133,0.29445,0.40185,0.54979,0.68492,0.80014,0.87411,0.133,0.09815,0.08037,0.05498,0.03425,0.016,0.00874,0.133,0.20282,0.22707,0.24703,0.25637,0.26017,0.26126,0.133,0.20282,0.22707,0.24703,0.25637,0.26017,0.26126
w4096_k32_seed0,1,4096,32,False,0,20.619,2.59,2.8173,5.408,17.64,42637852,613.9,635.2,0.12589,0.20791,0.24815,0.29486,0.32412,0.34833,0.35823,0.12589,0.26814,0.36629,0.50996,0.62518,0.7468,0.80725,0.12589,0.08938,0.07326,0.051,0.03126,0.01494,0.00807,0.12589,0.18717,0.2094,0.22882,0.23692,0.24083,0.24173,0.12589,0.18717,0.2094,0.22882,0.23692,0.24083,0.24173
w4096_k64_center_seed0,1,4096,64,True,0,24.552,3.334,6.1685,9.502,46.79,88106868,1269.2,1315.5,0.12802,0.22353,0.25832,0.30561,0.33916,0.36579,0.37718,0.12802,0.29445,0.38051,0.5256,0.65789,0.7909,0.8606,0.12802,0.09815,0.0761,0.05256,0.03289,0.01582,0.00861,0.12802,0.19915,0.21807,0.2378,0.24707,0.25144,0.25247,0.12802,0.19915,0.21807,0.2378,0.24707,0.25144,0.25247
w4096_k64_seed0,1,4096,64,False,0,23.25,3.968,6.3311,10.299,28.83,66857084,963.0,993.6,0.12304,0.20693,0.2459,0.29304,0.31953,0.34499,0.35691,0.12304,0.26885,0.36344,0.50925,0.6138,0.73969,0.81294,0.12304,0.08962,0.07269,0.05092,0.03069,0.01479,0.00813,0.12304,0.18563,0.20725,0.22671,0.23401,0.2383,0.23936,0.12304,0.18563,0.20725,0.22671,0.23401,0.2383,0.23936
w65536_k16_center_seed0,1,65536,16,True,0,200.119,36.07,1.1744,37.245,79.41,67058276,965.9,1027.1,0.16927,0.27982,0.32269,0.37508,0.40911,0.43087,0.43833,0.16927,0.36131,0.46657,0.62802,0.76102,0.86984,0.91536,0.16927,0.12044,0.09331,0.0628,0.03805,0.0174,0.00915,0.16927,0.25178,0.27528,0.29701,0.30657,0.31013,0.3108,0.16927,0.25178,0.27528,0.29701,0.30657,0.31013,0.3108
w65536_k16_seed0,1,65536,16,False,0,204.184,37.627,1.369,38.996,61.43,48216604,694.3,734.5,0.15149,0.24354,0.28307,0.33193,0.36525,0.3899,0.40072,0.15149,0.31081,0.40825,0.55903,0.6899,0.81223,0.87838,0.15149,0.1036,0.08165,0.0559,0.0345,0.01624,0.00878,0.15149,0.22037,0.24195,0.26217,0.27144,0.27555,0.27653,0.15149,0.22037,0.24195,0.26217,0.27144,0.27555,0.27653
w65536_k32_center_seed0,1,65536,32,True,0,199.533,36.529,2.199,38.728,127.92,118120644,1701.7,1802.5,0.16714,0.27691,0.32386,0.37829,0.4138,0.43353,0.44113,0.16714,0.35633,0.47155,0.6394,0.77881,0.87767,0.9239,0.16714,0.11878,0.09431,0.06394,0.03894,0.01755,0.00924,0.16714,0.24953,0.27527,0.29783,0.30772,0.31094,0.31163,0.16714,0.24953,0.27527,0.29783,0.30772,0.31094,0.31163
w65536_k32_seed0,1,65536,32,False,0,207.589,36.872,2.7239,39.596,90.46,84876708,1222.6,1289.2,0.16074,0.25939,0.29421,0.34561,0.38107,0.40444,0.41306,0.16074,0.33215,0.4175,0.5761,0.71479,0.83144,0.88407,0.16074,0.11072,0.0835,0.05761,0.03574,0.01663,0.00884,0.16074,0.23435,0.25349,0.27476,0.28469,0.28855,0.28933,0.16074,0.23435,0.25349,0.27476,0.28469,0.28855,0.28933
w65536_k64_center_seed0,1,65536,64,True,0,200.48,35.419,4.7189,40.138,200.67,204544124,2947.2,3111.4,0.16785,0.2715,0.31783,0.37533,0.41054,0.43025,0.43833,0.16785,0.34851,0.46159,0.6394,0.77738,0.87482,0.9239,0.16785,0.11617,0.09232,0.06394,0.03887,0.0175,0.00924,0.16785,0.24502,0.27059,0.29432,0.30414,0.30747,0.30821,0.16785,0.24502,0.27059,0.29432,0.30414,0.30747,0.30821
w65536_k64_seed0,1,65536,64,False,0,208.038,37.303,5.7535,43.056,158.13,147361524,2123.1,2230.1,0.15718,0.25639,0.29357,0.34552,0.38097,0.40404,0.41324,0.15718,0.32859,0.41963,0.58037,0.71906,0.83428,0.89047,0.15718,0.10953,0.08393,0.05804,0.03595,0.01669,0.0089,0.15718,0.23151,0.25196,0.27338,0.28331,0.28709,0.28793,0.15718,0.23151,0.25196,0.27338,0.28331,0.28709,0.28793
