dataset,split,query_id,A_q_ambiguous,A_q_needs_reasoning,A_q_specific_terms,B_q_ambiguous,B_q_needs_reasoning,B_q_specific_terms,B_c_top1_direct,B_c_other_better,B_c_any_direct,A_latency_ms,B_latency_ms,A_tokens,B_tokens
arguana,test,test-health-dhghwapgd-pro05a,0.45,0.84,0.25,0.36,0.82,0.53,0.92,0.26,0.92,176.37341696536168,135.90333296451718,740,1343
arguana,test,test-environment-opecewiahw-pro01a,0.49,0.76,0.94,0.49,0.81,0.96,0.21,0.86,0.71,174.2865839623846,121.8307499657385,793,1486
arguana,test,test-culture-thbcsbptwhht-pro02a,0.42,0.76,0.95,0.45,0.82,0.94,0.77,0.43,0.88,165.55612499359995,125.7037500035949,753,1438
arguana,test,test-culture-tlhrilsfhwr-con02a,0.58,0.77,0.62,0.55,0.81,0.64,0.37,0.35,0.56,180.21262501133606,122.05574999097735,749,1403
arguana,test,test-politics-pgsimhwoia-con01a,0.34,0.82,0.34,0.39,0.87,0.48,0.63,0.55,0.72,178.0069160158746,163.29820803366601,700,1325
arguana,test,test-digital-freedoms-phwnaccpdt-con02a,0.73,0.78,0.4,0.66,0.86,0.34,0.84,0.19,0.87,165.59683298692107,119.0434159943834,730,1370
arguana,test,test-sport-aastshsrqsar-pro01a,0.29,0.79,0.94,0.39,0.84,0.9,0.49,0.63,0.83,208.67874997202307,132.08204100374132,679,1368
arguana,test,test-law-ilppppghb-pro01a,0.48,0.82,0.92,0.48,0.85,0.91,0.58,0.84,0.9,173.4323330456391,288.03395899012685,762,1466
arguana,test,test-health-dhghhbampt-pro01a,0.32,0.78,0.88,0.41,0.86,0.8,0.3,0.69,0.75,159.3373329960741,152.86825003568083,748,1420
arguana,test,test-international-gmehwasr-con03a,0.58,0.73,0.95,0.48,0.79,0.93,0.46,0.73,0.77,195.7672499702312,144.68787499936298,759,1421
arguana,test,test-philosophy-ippelhbcp-con02a,0.41,0.8,0.92,0.51,0.87,0.9,0.22,0.73,0.65,179.16929099010304,128.02637496497482,684,1358
arguana,test,test-politics-glghssi-con03a,0.3,0.8,0.96,0.43,0.87,0.94,0.6,0.21,0.65,283.5197909735143,256.1469589709304,696,1342
arguana,test,test-law-sdiflhrdffe-con03a,0.49,0.79,0.76,0.4,0.87,0.8,0.39,0.83,0.85,116.12200003582984,116.46124999970198,741,1405
arguana,test,test-international-gpsmhbsosb-con03a,0.45,0.83,0.94,0.43,0.89,0.94,0.31,0.71,0.66,194.09341702703387,116.72500002896413,754,1492
arguana,test,test-politics-gvhwhnerse-pro04a,0.49,0.84,0.89,0.47,0.89,0.86,0.26,0.82,0.8,123.91504197148606,156.80883399909362,732,1386
arguana,test,test-international-segiahbarr-con01a,0.41,0.79,0.96,0.47,0.87,0.95,0.53,0.28,0.66,172.69966599997133,107.68124996684492,679,1285
arguana,test,test-health-ppelfhwbpba-pro01a,0.28,0.78,0.95,0.35,0.84,0.93,0.82,0.12,0.89,120.06829201709479,112.80920897843316,691,1338
arguana,test,test-environment-ehwsnwu-con01a,0.21,0.74,0.92,0.24,0.84,0.9,0.94,0.1,0.95,113.86683396995068,119.62558300001547,706,1359
arguana,test,test-education-udfakusma-con01a,0.44,0.83,0.73,0.38,0.88,0.55,0.82,0.63,0.91,163.77174999797717,170.23150000022724,711,1328
arguana,test,test-politics-dhbanhrnw-con02a,0.51,0.78,0.87,0.48,0.87,0.87,0.35,0.31,0.55,192.88954202784225,150.02574998652562,747,1395
arguana,test,test-environment-aiahwagit-con02a,0.37,0.86,0.87,0.49,0.91,0.8,0.17,0.86,0.76,129.74695902084932,148.78599997609854,660,1280
arguana,test,test-law-rmelhrilhbiw-con04a,0.29,0.86,0.95,0.33,0.87,0.94,0.75,0.67,0.9,99.33408303186297,172.42470796918496,733,1401
arguana,test,test-culture-mthbah-con02a,0.34,0.82,0.12,0.45,0.89,0.12,0.23,0.41,0.34,127.26695800665766,125.22816698765382,641,1303
arguana,test,test-education-pteuhwfphe-con01a,0.21,0.79,0.87,0.23,0.87,0.81,0.11,0.61,0.34,218.69654196780175,154.84495903365314,725,1367
arguana,test,test-education-pshhghwpba0-con01a,0.38,0.83,0.1,0.35,0.88,0.13,0.09,0.91,0.79,121.46770901745185,156.29549999721348,582,1068
arguana,test,test-international-gmehwasr-pro03a,0.26,0.79,0.97,0.36,0.86,0.96,0.36,0.55,0.8,140.7125000259839,139.25333402585238,756,1380
arguana,test,test-education-ufsdfkhbwu-con03a,0.52,0.8,0.93,0.5,0.8,0.91,0.59,0.2,0.75,135.66154200816527,133.00591701408848,759,1399
arguana,test,test-environment-assgbatj-pro02a,0.36,0.84,0.43,0.26,0.87,0.69,0.87,0.4,0.89,110.17266701674089,109.8234579549171,632,1271
arguana,test,test-economy-epiasghbf-pro03a,0.62,0.74,0.9,0.62,0.83,0.86,0.28,0.41,0.44,108.2775840186514,125.23412494920194,664,1334
arguana,test,test-religion-frghbbgi-con03a,0.36,0.8,0.89,0.36,0.86,0.8,0.9,0.06,0.92,142.29625003645197,111.38787498930469,631,1280
arguana,test,test-free-speech-debate-fsaphgiap-con01a,0.39,0.77,0.92,0.4,0.86,0.9,0.8,0.63,0.88,134.947458980605,150.56574996560812,730,1328
arguana,test,test-health-hdond-pro02a,0.26,0.8,0.57,0.25,0.87,0.61,0.38,0.76,0.85,130.73491695104167,137.22929102368653,720,1349
arguana,test,test-environment-aeghhgwpe-pro04a,0.24,0.87,0.93,0.28,0.87,0.92,0.69,0.14,0.81,133.04262497695163,122.69054196076468,691,1358
arguana,test,test-religion-msgfhwbamec-con01a,0.35,0.84,0.49,0.38,0.89,0.43,0.23,0.42,0.5,278.74824998434633,117.95579100726172,732,1383
arguana,test,test-international-ghbunhf-pro02a,0.39,0.86,0.96,0.39,0.89,0.94,0.63,0.65,0.9,116.85020802542567,160.4710419778712,759,1418
arguana,test,test-economy-epiasghbf-con01a,0.53,0.8,0.94,0.43,0.87,0.92,0.54,0.5,0.75,122.58570897392929,132.67329096561298,658,1233
arguana,test,test-science-dssghsdmd-con01a,0.42,0.77,0.97,0.35,0.83,0.96,0.29,0.77,0.89,115.28774996986613,152.17012498760596,785,1474
arguana,test,test-education-pstrgsehwt-pro02a,0.65,0.81,0.69,0.55,0.84,0.77,0.35,0.76,0.81,109.16720796376467,122.00937495799735,749,1415
arguana,test,test-international-eghrhbeusli-pro04a,0.61,0.84,0.95,0.61,0.89,0.92,0.58,0.31,0.73,115.38579198531806,127.4309580330737,754,1428
arguana,test,test-digital-freedoms-aihwbasmn-con04a,0.5,0.82,0.8,0.41,0.87,0.74,0.48,0.63,0.77,116.08750000596046,115.77862495323643,739,1335
arguana,test,test-law-tlcplghwfne-pro03a,0.31,0.84,0.83,0.39,0.89,0.82,0.45,0.17,0.64,170.15224997885525,204.63383302558213,781,1408
arguana,test,test-international-emephsate-con01a,0.21,0.84,0.92,0.22,0.9,0.92,0.87,0.56,0.92,154.5203750138171,175.4010830190964,753,1470
arguana,test,test-politics-oglilpdwhsn-con04a,0.32,0.79,0.96,0.32,0.86,0.96,0.89,0.15,0.83,121.77216698182747,218.02145900437608,754,1417
arguana,test,test-education-pstrgsehwt-pro03a,0.2,0.83,0.94,0.29,0.88,0.92,0.65,0.38,0.82,152.73795800749213,177.89008299587294,776,1455
arguana,test,test-environment-assgbatj-pro04a,0.65,0.8,0.67,0.49,0.83,0.82,0.92,0.11,0.93,141.4711669785902,144.3405420286581,598,1257
arguana,test,test-international-gpdwhwcusa-con01a,0.24,0.83,0.64,0.27,0.89,0.67,0.21,0.4,0.38,118.48562501836568,114.21779094962403,661,1324
arguana,test,test-law-cplglghwbhwd-pro03a,0.43,0.81,0.95,0.43,0.87,0.94,0.37,0.52,0.57,178.40441700536758,134.40924999304116,750,1411
arguana,test,test-politics-oeplhbuwhmi-pro03a,0.33,0.78,0.96,0.35,0.87,0.95,0.16,0.52,0.44,141.82358398102224,111.30637500900775,769,1402
arguana,test,test-law-tlcplghwfne-con01a,0.2,0.8,0.88,0.29,0.85,0.88,0.84,0.14,0.88,177.83216596581042,119.4972499506548,700,1327
arguana,test,test-philosophy-eppphwlrtjs-pro03a,0.25,0.85,0.94,0.31,0.88,0.9,0.13,0.8,0.62,129.47229202836752,117.10987496189773,759,1388
nfcorpus,test,PLAIN-2408,0.46,0.33,0.95,0.52,0.47,0.84,0.02,0.15,0.03,112.08854196593165,105.21495901048183,511,1292
nfcorpus,test,PLAIN-701,0.6,0.33,0.69,0.88,0.39,0.83,0.81,0.27,0.88,168.15258300630376,113.9021249837242,512,1361
nfcorpus,test,PLAIN-2940,0.75,0.34,0.93,0.59,0.56,0.91,0.87,0.09,0.93,138.16504197893664,126.80958304554224,516,1227
nfcorpus,test,PLAIN-966,0.81,0.28,0.94,0.92,0.45,0.91,0.61,0.25,0.8,135.53258404135704,113.3352920296602,511,1298
nfcorpus,test,PLAIN-2670,0.3,0.77,0.92,0.16,0.78,0.93,0.96,0.06,0.97,151.65912499651313,113.10870799934492,517,1218
nfcorpus,test,PLAIN-2950,0.53,0.65,0.52,0.73,0.65,0.29,0.35,0.41,0.47,113.70004195487127,200.50820900360122,512,1269
nfcorpus,test,PLAIN-291,0.74,0.48,0.86,0.65,0.6,0.79,0.03,0.56,0.04,122.00308300089091,144.9732089531608,515,1292
nfcorpus,test,PLAIN-3352,0.88,0.63,0.42,0.86,0.82,0.34,0.09,0.3,0.13,181.93558399798349,133.29962501302361,515,1310
nfcorpus,test,PLAIN-1262,0.42,0.29,0.96,0.81,0.26,0.96,0.84,0.28,0.95,105.99245800403878,119.2680419771932,514,1293
nfcorpus,test,PLAIN-2081,0.91,0.31,0.31,0.93,0.38,0.2,0.87,0.46,0.94,116.26016703667119,223.61662500770763,511,1303
nfcorpus,test,PLAIN-2460,0.45,0.62,0.89,0.36,0.72,0.83,0.92,0.08,0.92,150.435124989599,138.25904100667685,519,1256
nfcorpus,test,PLAIN-1050,0.71,0.33,0.96,0.87,0.48,0.9,0.02,0.27,0.05,116.95054196752608,158.5994999622926,513,1320
nfcorpus,test,PLAIN-1225,0.77,0.31,0.91,0.91,0.35,0.87,0.66,0.42,0.87,116.70300003606826,174.81458297697827,511,1290
nfcorpus,test,PLAIN-371,0.85,0.68,0.79,0.76,0.71,0.69,0.86,0.16,0.87,122.2546249628067,217.9565830156207,518,1254
nfcorpus,test,PLAIN-2680,0.72,0.64,0.91,0.69,0.82,0.9,0.7,0.06,0.76,211.42758295172825,110.12670898344368,520,1286
nfcorpus,test,PLAIN-3171,0.9,0.51,0.58,0.86,0.69,0.22,0.14,0.76,0.48,168.7524999724701,128.8461250369437,513,1314
nfcorpus,test,PLAIN-1805,0.76,0.31,0.96,0.91,0.31,0.95,0.66,0.34,0.91,137.01837498228997,122.06970795523375,513,1299
nfcorpus,test,PLAIN-2520,0.84,0.5,0.76,0.87,0.67,0.57,0.21,0.77,0.54,164.88666599616408,120.02508394652978,519,1330
nfcorpus,test,PLAIN-2970,0.45,0.52,0.87,0.38,0.74,0.54,0.9,0.03,0.94,119.17000001994893,206.80533297127113,516,1272
nfcorpus,test,PLAIN-681,0.63,0.33,0.78,0.79,0.54,0.84,0.78,0.09,0.83,119.32870803866535,190.08374999975786,511,1320
nfcorpus,test,PLAIN-1857,0.55,0.28,0.95,0.79,0.22,0.97,0.92,0.45,0.97,192.31762498384342,159.00179196614772,511,1259
nfcorpus,test,PLAIN-997,0.88,0.29,0.94,0.93,0.44,0.86,0.15,0.21,0.32,274.7270420077257,236.583125020843,513,1403
nfcorpus,test,PLAIN-731,0.92,0.33,0.41,0.92,0.39,0.25,0.62,0.22,0.68,121.16170802619308,157.98720897873864,510,1312
nfcorpus,test,PLAIN-1331,0.96,0.37,0.07,0.95,0.54,0.07,0.04,0.2,0.06,170.28120800387114,143.41579098254442,510,1228
nfcorpus,test,PLAIN-3211,0.86,0.51,0.25,0.89,0.68,0.25,0.57,0.05,0.66,167.94008400756866,132.26487499196082,514,1286
nfcorpus,test,PLAIN-1772,0.81,0.26,0.95,0.86,0.34,0.95,0.87,0.48,0.96,119.60875004297122,153.56054197764024,512,1260
nfcorpus,test,PLAIN-2061,0.94,0.31,0.11,0.95,0.35,0.14,0.67,0.17,0.84,151.6111249802634,129.97708295006305,510,1206
nfcorpus,test,PLAIN-1690,0.51,0.34,0.95,0.86,0.55,0.91,0.3,0.16,0.51,151.29541599890217,116.05908296769485,512,1210
nfcorpus,test,PLAIN-175,0.87,0.35,0.71,0.87,0.68,0.73,0.09,0.4,0.21,180.2057910244912,199.60891699884087,513,1336
nfcorpus,test,PLAIN-478,0.96,0.33,0.08,0.96,0.39,0.08,0.55,0.23,0.84,168.761708016973,163.07212499668822,510,1333
nfcorpus,test,PLAIN-3322,0.93,0.53,0.2,0.9,0.48,0.13,0.72,0.48,0.93,144.5020000101067,190.1940000243485,513,1314
nfcorpus,test,PLAIN-2177,0.86,0.28,0.88,0.94,0.39,0.68,0.22,0.36,0.54,153.93379202578217,122.81804101075977,511,1250
nfcorpus,test,PLAIN-238,0.93,0.54,0.18,0.92,0.66,0.13,0.5,0.26,0.74,119.7651670081541,125.17679098527879,518,1261
nfcorpus,test,PLAIN-2560,0.78,0.45,0.84,0.63,0.38,0.85,0.95,0.27,0.97,131.81295798858628,124.58099995274097,519,1296
nfcorpus,test,PLAIN-1441,0.95,0.3,0.83,0.97,0.43,0.79,0.46,0.25,0.65,114.88970799837261,136.64525002241135,509,1234
nfcorpus,test,PLAIN-2250,0.58,0.31,0.82,0.66,0.49,0.59,0.09,0.3,0.15,102.4169169832021,137.54550000885502,511,1268
nfcorpus,test,PLAIN-1557,0.9,0.28,0.81,0.94,0.42,0.59,0.78,0.21,0.88,163.50991697981954,126.56624999362975,511,1260
nfcorpus,test,PLAIN-1453,0.89,0.34,0.11,0.94,0.51,0.09,0.43,0.72,0.8,166.51620902121067,184.91291598184034,510,1320
nfcorpus,test,PLAIN-3302,0.84,0.39,0.57,0.87,0.55,0.41,0.15,0.26,0.21,158.2007080432959,131.2971250154078,510,1205
nfcorpus,test,PLAIN-741,0.85,0.29,0.92,0.6,0.23,0.95,0.92,0.24,0.96,176.16324999835342,112.23820800660178,510,1316
nfcorpus,test,PLAIN-2500,0.54,0.63,0.74,0.72,0.77,0.54,0.2,0.39,0.29,143.26608303235844,151.92491695052013,521,1218
nfcorpus,test,PLAIN-2187,0.82,0.31,0.71,0.76,0.37,0.51,0.01,0.13,0.02,124.76299999980256,168.32674999022856,512,1240
nfcorpus,test,PLAIN-3063,0.85,0.79,0.87,0.88,0.85,0.88,0.1,0.32,0.14,124.27483400097117,148.2798750512302,515,1301
nfcorpus,test,PLAIN-2640,0.65,0.6,0.87,0.68,0.78,0.57,0.14,0.77,0.31,155.20845801802352,120.42358401231468,518,1312
nfcorpus,test,PLAIN-2800,0.8,0.78,0.77,0.73,0.86,0.6,0.11,0.28,0.12,133.6997090256773,124.2803749628365,518,1354
nfcorpus,test,PLAIN-1929,0.61,0.3,0.43,0.75,0.65,0.27,0.14,0.15,0.19,124.98941697413102,126.6669169999659,511,1224
nfcorpus,test,PLAIN-3191,0.53,0.79,0.87,0.47,0.85,0.72,0.13,0.19,0.18,111.70762497931719,106.27424996346235,518,1359
nfcorpus,test,PLAIN-165,0.52,0.47,0.8,0.62,0.68,0.66,0.65,0.78,0.85,139.2119589727372,121.14800000563264,519,1309
nfcorpus,test,PLAIN-2375,0.94,0.35,0.48,0.93,0.45,0.25,0.09,0.28,0.13,147.56249997299165,117.954708985053,510,1249
nfcorpus,test,PLAIN-660,0.94,0.3,0.1,0.94,0.34,0.13,0.75,0.3,0.88,119.77712501538917,139.27975000115111,509,1246
scifact,test,388,0.4,0.86,0.93,0.48,0.89,0.89,0.11,0.29,0.18,120.63270801445469,116.11337499925867,521,1311
scifact,test,1204,0.2,0.86,0.97,0.21,0.88,0.94,0.28,0.07,0.29,212.77850004844368,147.13695796672255,539,1414
scifact,test,180,0.14,0.86,0.97,0.15,0.92,0.97,0.72,0.04,0.71,137.76625000173226,121.46929098526016,540,1408
scifact,test,249,0.25,0.87,0.96,0.18,0.92,0.96,0.89,0.05,0.88,127.28250003419816,137.84620800288394,522,1334
scifact,test,845,0.3,0.83,0.97,0.34,0.86,0.96,0.14,0.29,0.15,123.32600000081584,135.73300000280142,534,1285
scifact,test,831,0.17,0.85,0.97,0.16,0.86,0.96,0.03,0.89,0.34,119.46079198969528,121.0207500262186,540,1364
scifact,test,1104,0.23,0.86,0.95,0.25,0.9,0.93,0.48,0.04,0.7,229.6210409840569,211.09520801110193,542,1331
scifact,test,36,0.19,0.88,0.96,0.25,0.85,0.95,0.15,0.44,0.31,119.39449998317286,121.36762501904741,525,1351
scifact,test,350,0.27,0.84,0.96,0.21,0.86,0.96,0.7,0.04,0.79,129.3731250334531,123.6204169690609,532,1397
scifact,test,230,0.37,0.84,0.93,0.27,0.89,0.92,0.82,0.04,0.84,138.0390420090407,158.20479101967067,531,1305
scifact,test,1266,0.23,0.86,0.92,0.18,0.87,0.94,0.03,0.97,0.94,298.53387497132644,160.14054196421057,541,1271
scifact,test,783,0.22,0.85,0.97,0.25,0.92,0.97,0.5,0.49,0.64,126.42924999818206,149.3840420152992,533,1460
scifact,test,198,0.24,0.87,0.96,0.33,0.87,0.91,0.01,0.29,0.03,191.16733397822827,122.41441698279232,520,1345
scifact,test,475,0.55,0.73,0.96,0.8,0.61,0.91,0.2,0.28,0.39,152.75583398761228,119.7156659909524,526,1305
scifact,test,411,0.32,0.82,0.94,0.27,0.89,0.91,0.62,0.1,0.74,116.8040829943493,122.3023749771528,521,1249
scifact,test,554,0.29,0.86,0.96,0.31,0.88,0.94,0.1,0.64,0.16,130.01483300467953,116.62483302643523,531,1314
scifact,test,870,0.77,0.82,0.33,0.8,0.88,0.38,0.23,0.17,0.28,127.39275000058115,121.82674999348819,516,1273
scifact,test,295,0.59,0.73,0.97,0.57,0.77,0.97,0.12,0.25,0.18,115.62962498283014,118.9597500488162,542,1323
scifact,test,957,0.29,0.82,0.95,0.18,0.88,0.96,0.96,0.03,0.97,120.0647089863196,125.95470796804875,523,1399
scifact,test,690,0.18,0.86,0.97,0.17,0.75,0.96,0.02,0.18,0.03,112.22549999365583,125.83254097262397,553,1354
scifact,test,637,0.72,0.85,0.29,0.67,0.9,0.38,0.07,0.7,0.2,121.28045898862183,152.5199169991538,523,1187
scifact,test,544,0.2,0.85,0.96,0.22,0.85,0.93,0.03,0.61,0.07,127.74070899467915,122.08412500331178,528,1360
scifact,test,808,0.42,0.81,0.96,0.23,0.91,0.95,0.9,0.03,0.92,123.14908398548141,140.47045895131305,521,1237
scifact,test,1335,0.42,0.84,0.96,0.3,0.9,0.95,0.18,0.94,0.95,117.54645803011954,103.14683400793001,521,1308
scifact,test,1029,0.25,0.86,0.96,0.23,0.92,0.96,0.36,0.31,0.55,180.05645798984915,114.53420796897262,536,1350
scifact,test,1292,0.2,0.87,0.95,0.24,0.91,0.95,0.38,0.06,0.5,147.91083399904892,137.23345805192366,523,1336
scifact,test,1395,0.22,0.85,0.97,0.3,0.87,0.95,0.05,0.18,0.06,124.50958305271342,118.06729098316282,549,1450
scifact,test,1389,0.18,0.85,0.97,0.17,0.86,0.98,0.96,0.03,0.97,172.0772500266321,115.33400003099814,527,1433
scifact,test,163,0.7,0.85,0.9,0.68,0.89,0.91,0.88,0.35,0.89,132.7512919669971,119.48404199210927,520,1244
scifact,test,1339,0.53,0.83,0.84,0.3,0.9,0.84,0.88,0.03,0.89,183.72845801059157,118.16816602367908,525,1263
scifact,test,1197,0.56,0.84,0.23,0.58,0.88,0.23,0.06,0.34,0.07,113.84412500774488,350.89695802889764,523,1205
scifact,test,960,0.47,0.84,0.91,0.26,0.87,0.95,0.91,0.08,0.9,169.86766702029854,196.21479097986594,517,1164
scifact,test,1216,0.16,0.87,0.96,0.1,0.87,0.97,0.73,0.02,0.84,125.64195797313005,121.05974997393787,528,1327
scifact,test,49,0.24,0.86,0.96,0.2,0.9,0.97,0.91,0.05,0.93,120.59933401178569,155.47770803095773,523,1378
scifact,test,53,0.37,0.86,0.96,0.22,0.89,0.96,0.96,0.04,0.97,120.85254199337214,129.22050000634044,522,1299
scifact,test,100,0.36,0.84,0.91,0.27,0.92,0.94,0.88,0.05,0.89,161.9535419740714,119.77625003783032,524,1304
scifact,test,911,0.26,0.82,0.96,0.2,0.86,0.95,0.87,0.03,0.9,118.96674998570234,160.41020798729733,532,1340
scifact,test,128,0.17,0.86,0.94,0.23,0.86,0.85,0.03,0.62,0.07,182.17829201603308,182.03458294738084,522,1385
scifact,test,1226,0.55,0.77,0.96,0.36,0.82,0.96,0.93,0.1,0.95,153.61491596559063,119.11412503104657,530,1440
scifact,test,993,0.22,0.87,0.96,0.21,0.92,0.96,0.41,0.12,0.56,121.63508299272507,135.608707962092,529,1386
scifact,test,1362,0.19,0.85,0.95,0.22,0.81,0.83,0.02,0.56,0.07,115.50920800073072,140.4177499935031,522,1260
scifact,test,261,0.44,0.81,0.94,0.42,0.85,0.93,0.72,0.34,0.83,176.33212503278628,116.13604199374095,528,1263
scifact,test,507,0.32,0.82,0.96,0.26,0.89,0.95,0.62,0.66,0.92,117.63720802264288,157.32141601620242,535,1359
scifact,test,587,0.32,0.85,0.95,0.27,0.88,0.95,0.55,0.07,0.64,173.22166595840827,128.80387500626966,551,1316
scifact,test,1180,0.28,0.81,0.97,0.27,0.8,0.97,0.92,0.14,0.96,119.53412502771243,124.06066700350493,523,1359
scifact,test,1163,0.23,0.81,0.97,0.21,0.81,0.97,0.71,0.12,0.75,138.27274995855987,114.33154199039564,530,1382
scifact,test,303,0.24,0.83,0.97,0.23,0.85,0.95,0.09,0.15,0.16,126.79929204750806,142.81458302866668,533,1327
scifact,test,660,0.19,0.81,0.97,0.19,0.77,0.94,0.01,0.15,0.02,125.11241697939113,217.95645798556507,523,1327
scifact,test,533,0.2,0.87,0.96,0.17,0.88,0.95,0.86,0.04,0.87,123.48100001690909,158.9951670030132,529,1445
scifact,test,674,0.13,0.86,0.95,0.13,0.92,0.95,0.89,0.51,0.95,119.86149998847395,123.42104100389406,521,1305
