query_id,MaxSim ndcg@10,MaxSim recall@100,"SMVE w=65,536 k=32 ndcg@10","SMVE w=65,536 k=32 recall@100","SMVE w=65,536 k=32 centered ndcg@10","SMVE w=65,536 k=32 centered recall@100",Hybrid: SMVE top-100 + MaxSim rerank ndcg@10,Hybrid: SMVE top-100 + MaxSim rerank recall@100
1,0.0,0.0,0.0,0.0,0.0,0.0,0.0,0.0
3,0.3868528072345416,1.0,0.0,1.0,0.3333333333333333,1.0,0.38685280723454163,1.0
5,1.0,1.0,0.430676558073393,1.0,1.0,1.0,1.0,1.0
13,0.0,1.0,0.3010299956639812,1.0,0.3333333333333333,1.0,0.0,1.0
36,0.2640681225725909,1.0,0.3065735963827292,0.5,0.3065735963827292,1.0,0.2640681225725909,1.0
42,1.0,1.0,1.0,1.0,1.0,1.0,1.0,1.0
48,0.5,1.0,0.0,1.0,0.0,1.0,0.5,1.0
49,1.0,1.0,1.0,1.0,1.0,1.0,1.0,1.0
50,1.0,1.0,1.0,1.0,1.0,1.0,1.0,1.0
51,1.0,1.0,1.0,1.0,1.0,1.0,1.0,1.0
53,1.0,1.0,1.0,1.0,1.0,1.0,1.0,1.0
54,0.3333333333333333,1.0,0.430676558073393,1.0,0.3333333333333333,1.0,0.3333333333333333,1.0
56,1.0,1.0,1.0,1.0,1.0,1.0,1.0,1.0
57,1.0,1.0,1.0,1.0,1.0,1.0,1.0,1.0
70,0.8772153153380493,1.0,0.0,0.5,0.0,1.0,0.8772153153380493,1.0
72,0.0,1.0,0.0,1.0,0.0,1.0,0.3010299956639812,1.0
75,1.0,1.0,1.0,1.0,1.0,1.0,1.0,1.0
94,0.0,1.0,0.0,0.0,0.0,0.0,0.0,0.0
99,0.3868528072345416,1.0,0.0,1.0,0.0,0.0,0.0,0.0
100,1.0,1.0,1.0,1.0,0.6309297535714575,1.0,1.0,1.0
113,1.0,1.0,0.6309297535714575,1.0,1.0,1.0,1.0,1.0
115,1.0,1.0,1.0,1.0,0.0,1.0,1.0,1.0
118,1.0,1.0,1.0,1.0,1.0,1.0,1.0,1.0
124,1.0,1.0,1.0,1.0,1.0,1.0,1.0,1.0
127,1.0,1.0,0.3010299956639812,1.0,1.0,1.0,1.0,1.0
128,0.0,0.0,0.0,0.0,0.0,0.0,0.0,0.0
129,1.0,1.0,1.0,1.0,1.0,1.0,1.0,1.0
130,1.0,1.0,1.0,1.0,1.0,1.0,1.0,1.0
132,0.0,0.0,0.0,0.0,0.0,0.0,0.0,0.0
133,0.4852285551163225,0.6,0.4599715079731103,0.4,0.4852285551163225,0.6,0.48522855511632257,0.6
137,1.0,1.0,1.0,1.0,1.0,1.0,1.0,1.0
141,1.0,1.0,1.0,1.0,0.9197207891481876,1.0,1.0,1.0
142,1.0,1.0,1.0,1.0,1.0,1.0,1.0,1.0
143,1.0,1.0,1.0,1.0,1.0,1.0,1.0,1.0
146,1.0,1.0,1.0,1.0,1.0,1.0,1.0,1.0
148,1.0,1.0,1.0,1.0,0.6309297535714575,1.0,1.0,1.0
163,1.0,1.0,1.0,1.0,1.0,1.0,1.0,1.0
171,1.0,1.0,1.0,1.0,1.0,1.0,1.0,1.0
179,0.9223260797603764,1.0,0.9267582364714124,1.0,0.9349366583346498,1.0,0.9223260797603763,1.0
180,1.0,1.0,1.0,1.0,0.6309297535714575,1.0,1.0,1.0
183,0.5,1.0,0.3868528072345416,1.0,0.3868528072345416,1.0,0.5,1.0
185,0.0,1.0,0.0,1.0,0.0,1.0,0.0,1.0
198,1.0,1.0,0.0,1.0,0.0,1.0,1.0,1.0
208,1.0,1.0,1.0,1.0,1.0,1.0,1.0,1.0
212,0.5,1.0,0.0,0.0,0.3562071871080222,1.0,0.5,1.0
213,0.3333333333333333,1.0,0.3154648767857287,1.0,0.430676558073393,1.0,0.3333333333333333,1.0
216,1.0,1.0,0.3333333333333333,1.0,0.3868528072345416,1.0,1.0,1.0
217,1.0,1.0,1.0,1.0,1.0,1.0,1.0,1.0
218,1.0,1.0,1.0,1.0,1.0,1.0,1.0,1.0
219,1.0,1.0,1.0,1.0,1.0,1.0,1.0,1.0
230,1.0,1.0,0.0,1.0,0.0,1.0,1.0,1.0
232,1.0,1.0,1.0,1.0,0.6309297535714575,1.0,1.0,1.0
233,1.0,1.0,1.0,1.0,1.0,1.0,1.0,1.0
236,1.0,1.0,1.0,1.0,1.0,1.0,1.0,1.0
237,0.3562071871080222,1.0,0.0,0.0,0.0,1.0,0.3562071871080222,1.0
238,0.3010299956639812,1.0,0.0,0.0,0.0,0.0,0.0,0.0
239,0.0,1.0,0.3333333333333333,1.0,0.0,1.0,0.0,1.0
248,1.0,1.0,1.0,1.0,1.0,1.0,1.0,1.0
249,1.0,1.0,1.0,1.0,1.0,1.0,1.0,1.0
261,0.2184074368181641,1.0,0.2184074368181641,1.0,0.1934264036172708,1.0,0.21840743681816419,1.0
268,1.0,1.0,0.3010299956639812,1.0,0.3333333333333333,1.0,1.0,1.0
269,1.0,1.0,0.430676558073393,1.0,0.3868528072345416,1.0,1.0,1.0
274,1.0,1.0,1.0,1.0,1.0,1.0,1.0,1.0
275,0.5307212739772434,1.0,0.6713860725233041,1.0,0.8395700624665824,1.0,0.5307212739772434,1.0
279,1.0,1.0,1.0,1.0,1.0,1.0,1.0,1.0
294,0.6309297535714575,1.0,0.0,0.0,0.0,0.0,0.0,0.0
295,1.0,1.0,1.0,1.0,0.3333333333333333,1.0,1.0,1.0
298,1.0,1.0,1.0,1.0,1.0,1.0,1.0,1.0
300,0.430676558073393,1.0,0.0,0.0,0.0,0.0,0.0,0.0
303,0.0,1.0,0.0,0.0,0.0,1.0,0.0,1.0
312,0.0,1.0,0.0,0.0,0.0,0.0,0.0,0.0
314,0.430676558073393,1.0,0.0,0.0,0.3154648767857287,1.0,0.43067655807339306,1.0
324,0.0,0.0,0.0,0.0,0.0,0.0,0.0,0.0
327,1.0,1.0,1.0,1.0,1.0,1.0,1.0,1.0
338,1.0,1.0,1.0,1.0,1.0,1.0,1.0,1.0
343,0.9197207891481876,1.0,0.6131471927654584,1.0,0.6934264036172708,1.0,0.9197207891481876,1.0
350,1.0,1.0,1.0,1.0,1.0,1.0,1.0,1.0
354,1.0,1.0,1.0,1.0,1.0,1.0,1.0,1.0
362,0.6309297535714575,1.0,1.0,1.0,1.0,1.0,0.6309297535714575,1.0
380,1.0,1.0,0.3868528072345416,1.0,1.0,1.0,1.0,1.0
384,0.0,1.0,0.0,0.0,0.0,0.0,0.0,0.0
385,0.5249810332008933,1.0,0.0,1.0,0.3065735963827292,1.0,0.5249810332008933,1.0
386,1.0,1.0,0.6309297535714575,1.0,1.0,1.0,1.0,1.0
388,1.0,1.0,0.0,1.0,0.0,1.0,1.0,1.0
399,1.0,1.0,1.0,1.0,1.0,1.0,1.0,1.0
410,1.0,1.0,1.0,1.0,1.0,1.0,1.0,1.0
411,1.0,1.0,1.0,1.0,1.0,1.0,1.0,1.0
415,0.0,1.0,0.0,1.0,0.0,1.0,0.0,1.0
421,0.0,1.0,0.0,0.0,0.0,0.0,0.0,0.0
431,0.0,1.0,0.0,0.0,0.0,0.0,0.0,0.0
436,1.0,1.0,0.6309297535714575,1.0,0.6309297535714575,1.0,1.0,1.0
437,0.0,0.0,0.0,0.0,0.0,0.0,0.0,0.0
439,1.0,1.0,1.0,1.0,1.0,1.0,1.0,1.0
440,1.0,1.0,1.0,1.0,1.0,1.0,1.0,1.0
443,1.0,1.0,1.0,1.0,1.0,1.0,1.0,1.0
452,0.0,1.0,0.0,0.0,0.0,0.0,0.0,0.0
475,0.3868528072345416,1.0,0.3868528072345416,1.0,0.3010299956639812,1.0,0.38685280723454163,1.0
478,0.0,1.0,0.0,0.0,0.0,0.0,0.0,0.0
491,1.0,1.0,0.5,1.0,0.6309297535714575,1.0,1.0,1.0
501,1.0,1.0,0.6309297535714575,1.0,1.0,1.0,1.0,1.0
502,0.0,0.0,0.0,0.0,0.0,0.0,0.0,0.0
507,0.6309297535714575,1.0,0.3010299956639812,1.0,0.5,1.0,0.6309297535714575,1.0
508,0.0,1.0,0.3562071871080222,1.0,0.0,1.0,0.0,1.0
513,0.6309297535714575,1.0,0.5,1.0,1.0,1.0,0.6309297535714575,1.0
514,1.0,1.0,1.0,1.0,1.0,1.0,1.0,1.0
516,1.0,1.0,0.5,1.0,0.430676558073393,1.0,1.0,1.0
517,0.0,1.0,0.0,1.0,0.0,0.0,0.0,0.0
521,0.5,1.0,0.3868528072345416,1.0,0.3010299956639812,1.0,0.5,1.0
525,1.0,1.0,1.0,1.0,1.0,1.0,1.0,1.0
527,1.0,1.0,0.6309297535714575,1.0,0.5,1.0,1.0,1.0
528,1.0,1.0,1.0,1.0,0.430676558073393,1.0,1.0,1.0
532,1.0,1.0,0.430676558073393,1.0,0.6309297535714575,1.0,1.0,1.0
533,1.0,1.0,0.6309297535714575,1.0,1.0,1.0,1.0,1.0
535,0.0,1.0,0.0,1.0,0.0,1.0,0.0,1.0
536,1.0,1.0,1.0,1.0,1.0,1.0,1.0,1.0
539,1.0,1.0,1.0,1.0,1.0,1.0,1.0,1.0
540,0.3868528072345416,1.0,0.1934264036172708,1.0,0.3868528072345416,1.0,0.38685280723454163,1.0
544,0.3333333333333333,1.0,0.5,1.0,0.0,1.0,0.3333333333333333,1.0
549,1.0,1.0,0.3154648767857287,1.0,0.430676558073393,1.0,1.0,1.0
551,0.5,1.0,0.2890648263178879,1.0,0.430676558073393,1.0,0.5,1.0
552,1.0,1.0,1.0,1.0,1.0,1.0,1.0,1.0
554,0.3868528072345416,1.0,0.0,1.0,0.3010299956639812,1.0,0.38685280723454163,1.0
560,0.0,0.0,0.0,0.0,0.0,0.0,0.0,0.0
569,1.0,1.0,1.0,1.0,0.5,1.0,1.0,1.0
575,1.0,1.0,1.0,1.0,1.0,1.0,1.0,1.0
577,0.5,1.0,0.5,1.0,0.5,1.0,0.5,1.0
578,1.0,1.0,1.0,1.0,1.0,1.0,1.0,1.0
587,0.6309297535714575,1.0,1.0,1.0,0.3868528072345416,1.0,0.6309297535714575,1.0
589,1.0,1.0,1.0,1.0,1.0,1.0,1.0,1.0
593,1.0,1.0,1.0,1.0,1.0,1.0,1.0,1.0
597,0.9060254355346824,1.0,0.3487022475035549,1.0,0.4776237035032179,1.0,0.9060254355346823,1.0
598,1.0,1.0,0.6309297535714575,1.0,1.0,1.0,1.0,1.0
613,1.0,1.0,1.0,1.0,1.0,1.0,1.0,1.0
619,0.6131471927654584,0.5,0.2371977127692962,1.0,0.0,1.0,0.6131471927654584,1.0
623,0.3154648767857287,1.0,0.3868528072345416,1.0,0.3562071871080222,1.0,0.31546487678572877,1.0
628,1.0,1.0,1.0,1.0,1.0,1.0,1.0,1.0
636,1.0,1.0,1.0,1.0,1.0,1.0,1.0,1.0
637,0.3333333333333333,1.0,0.0,1.0,0.2890648263178879,1.0,0.3333333333333333,1.0
641,0.8772153153380493,1.0,0.8503449055347546,1.0,0.8772153153380493,1.0,0.8772153153380493,1.0
644,1.0,1.0,0.6309297535714575,1.0,0.6309297535714575,1.0,1.0,1.0
649,0.5,1.0,1.0,1.0,0.3562071871080222,1.0,0.5,1.0
659,0.0,0.0,0.0,0.0,0.0,0.0,0.0,0.0
660,0.0,0.0,0.0,0.0,0.0,0.0,0.0,0.0
674,0.6309297535714575,1.0,0.3868528072345416,1.0,0.430676558073393,1.0,0.6309297535714575,1.0
684,0.5,1.0,0.0,1.0,0.0,1.0,0.5,1.0
690,1.0,1.0,0.3562071871080222,1.0,1.0,1.0,1.0,1.0
691,1.0,1.0,0.0,1.0,0.0,1.0,1.0,1.0
692,1.0,1.0,0.2890648263178879,1.0,0.430676558073393,1.0,1.0,1.0
693,1.0,1.0,1.0,1.0,1.0,1.0,1.0,1.0
700,0.6309297535714575,1.0,0.3868528072345416,1.0,0.0,1.0,0.6309297535714575,1.0
702,0.3868528072345416,1.0,1.0,1.0,0.0,1.0,0.38685280723454163,1.0
715,0.2890648263178879,1.0,0.3333333333333333,1.0,0.0,1.0,0.2890648263178879,1.0
716,0.0,1.0,0.0,1.0,0.0,1.0,0.0,1.0
718,1.0,1.0,0.0,0.0,0.6309297535714575,1.0,1.0,1.0
721,1.0,1.0,0.430676558073393,1.0,0.430676558073393,1.0,1.0,1.0
723,1.0,1.0,1.0,1.0,1.0,1.0,1.0,1.0
727,0.0,1.0,0.0,0.0,0.0,1.0,0.0,1.0
728,0.7903864795495061,1.0,0.6131471927654584,0.5,0.6131471927654584,1.0,0.8065735963827293,1.0
729,1.0,1.0,0.5,1.0,0.3562071871080222,1.0,1.0,1.0
742,1.0,1.0,0.0,1.0,0.0,1.0,1.0,1.0
743,1.0,1.0,0.0,1.0,0.0,1.0,1.0,1.0
744,0.5,1.0,0.3333333333333333,1.0,0.5,1.0,0.5,1.0
756,0.5,1.0,0.6309297535714575,1.0,0.430676558073393,1.0,0.5,1.0
759,1.0,1.0,1.0,1.0,1.0,1.0,1.0,1.0
768,0.430676558073393,1.0,0.0,0.0,0.0,1.0,0.43067655807339306,1.0
770,1.0,1.0,1.0,1.0,1.0,1.0,1.0,1.0
775,0.0,1.0,0.0,0.0,0.0,1.0,0.0,1.0
781,1.0,1.0,1.0,1.0,1.0,1.0,1.0,1.0
783,0.0,1.0,0.0,1.0,0.0,1.0,0.0,1.0
784,1.0,1.0,1.0,1.0,1.0,1.0,1.0,1.0
785,0.0,0.0,0.0,0.0,0.0,0.0,0.0,0.0
793,1.0,1.0,0.0,0.0,0.0,1.0,1.0,1.0
800,1.0,1.0,0.6309297535714575,1.0,0.3868528072345416,1.0,1.0,1.0
805,1.0,1.0,1.0,1.0,1.0,1.0,1.0,1.0
808,1.0,1.0,0.6309297535714575,1.0,0.0,1.0,1.0,1.0
811,1.0,1.0,0.6309297535714575,1.0,1.0,1.0,1.0,1.0
814,1.0,1.0,1.0,1.0,1.0,1.0,1.0,1.0
820,0.0,0.0,0.0,0.0,0.0,0.0,0.0,0.0
821,0.0,1.0,0.0,0.0,0.0,0.0,0.0,0.0
823,1.0,1.0,0.6309297535714575,1.0,1.0,1.0,1.0,1.0
830,0.0,0.0,0.0,0.0,0.0,0.0,0.0,0.0
831,0.0,0.0,0.0,0.0,0.0,0.0,0.0,0.0
832,1.0,1.0,1.0,1.0,1.0,1.0,1.0,1.0
834,0.0,1.0,0.0,0.0,0.0,0.0,0.0,0.0
837,1.0,1.0,1.0,1.0,0.3562071871080222,1.0,1.0,1.0
839,0.6309297535714575,1.0,0.6309297535714575,1.0,0.5,1.0,0.6309297535714575,1.0
845,0.430676558073393,1.0,0.3562071871080222,1.0,0.5,1.0,0.43067655807339306,1.0
847,0.6309297535714575,1.0,1.0,1.0,0.6309297535714575,1.0,0.6309297535714575,1.0
852,0.430676558073393,1.0,0.3562071871080222,1.0,0.3868528072345416,1.0,0.43067655807339306,1.0
859,0.5,1.0,0.3010299956639812,1.0,0.6309297535714575,1.0,0.5,1.0
870,0.0,1.0,0.0,0.0,0.0,1.0,0.0,1.0
873,0.6295516106099184,1.0,0.0,0.6,0.3156484524795145,0.6,0.5087403079104241,0.6
879,1.0,1.0,0.0,1.0,0.3868528072345416,1.0,1.0,1.0
880,1.0,1.0,0.3868528072345416,1.0,1.0,1.0,1.0,1.0
882,1.0,1.0,1.0,1.0,0.6309297535714575,1.0,1.0,1.0
887,0.0,0.0,0.0,0.0,0.0,0.0,0.0,0.0
903,1.0,1.0,1.0,1.0,1.0,1.0,1.0,1.0
904,1.0,1.0,1.0,1.0,1.0,1.0,1.0,1.0
907,1.0,1.0,1.0,1.0,1.0,1.0,1.0,1.0
911,1.0,1.0,1.0,1.0,1.0,1.0,1.0,1.0
913,0.0,1.0,0.0,0.0,0.0,0.0,0.0,0.0
914,0.0,1.0,0.0,1.0,0.0,0.0,0.0,0.0
921,1.0,1.0,1.0,1.0,1.0,1.0,1.0,1.0
922,1.0,1.0,1.0,1.0,1.0,1.0,1.0,1.0
936,1.0,1.0,1.0,1.0,1.0,1.0,1.0,1.0
956,1.0,1.0,0.5,1.0,0.0,1.0,1.0,1.0
957,1.0,1.0,1.0,1.0,1.0,1.0,1.0,1.0
960,1.0,1.0,1.0,1.0,1.0,1.0,1.0,1.0
967,1.0,1.0,0.6131471927654584,1.0,0.8772153153380493,1.0,1.0,1.0
971,0.9558295932317544,1.0,0.9709286432396584,1.0,0.9493885684853096,1.0,0.9558295932317544,1.0
975,0.0,0.0,0.0,0.0,0.0,0.0,0.0,0.0
982,1.0,1.0,0.6309297535714575,1.0,1.0,1.0,1.0,1.0
985,1.0,1.0,0.6309297535714575,1.0,0.6309297535714575,1.0,1.0,1.0
993,1.0,1.0,1.0,1.0,1.0,1.0,1.0,1.0
1012,1.0,1.0,1.0,1.0,1.0,1.0,1.0,1.0
1014,1.0,1.0,0.0,1.0,0.3868528072345416,1.0,1.0,1.0
1019,0.6309297535714575,1.0,0.2890648263178879,1.0,0.0,1.0,0.6309297535714575,1.0
1020,0.6309297535714575,1.0,1.0,1.0,0.6309297535714575,1.0,0.6309297535714575,1.0
1021,0.6309297535714575,1.0,0.6309297535714575,1.0,0.6309297535714575,1.0,0.6309297535714575,1.0
1024,0.6309297535714575,1.0,0.0,0.0,0.0,1.0,0.6309297535714575,1.0
1029,0.8710785440003369,1.0,0.7039180890341347,1.0,0.7039180890341347,1.0,0.8710785440003369,1.0
1041,0.4227898344066503,1.0,0.3978088012057569,1.0,0.4227898344066503,1.0,0.4227898344066503,1.0
1049,0.430676558073393,1.0,0.430676558073393,1.0,0.430676558073393,1.0,0.43067655807339306,1.0
1062,1.0,1.0,1.0,1.0,1.0,1.0,1.0,1.0
1086,1.0,1.0,1.0,1.0,1.0,1.0,1.0,1.0
1088,1.0,1.0,1.0,1.0,1.0,1.0,1.0,1.0
1089,1.0,1.0,1.0,1.0,1.0,1.0,1.0,1.0
1099,0.3868528072345416,1.0,0.0,1.0,0.0,0.0,0.0,0.0
1100,0.5,1.0,0.0,1.0,0.0,1.0,0.5,1.0
1104,1.0,1.0,1.0,1.0,1.0,1.0,1.0,1.0
1107,1.0,1.0,1.0,1.0,1.0,1.0,1.0,1.0
1110,0.0,0.0,0.0,0.0,0.0,0.0,0.0,0.0
1121,0.5,1.0,0.0,1.0,0.3010299956639812,1.0,0.5,1.0
1130,1.0,1.0,1.0,1.0,1.0,1.0,1.0,1.0
1132,0.6131471927654584,1.0,0.3065735963827292,1.0,0.3868528072345416,1.0,0.6131471927654584,1.0
1137,1.0,1.0,0.3868528072345416,1.0,0.0,1.0,1.0,1.0
1140,1.0,1.0,1.0,1.0,1.0,1.0,1.0,1.0
1144,1.0,1.0,1.0,1.0,1.0,1.0,1.0,1.0
1146,1.0,1.0,1.0,1.0,1.0,1.0,1.0,1.0
1150,1.0,1.0,1.0,1.0,1.0,1.0,1.0,1.0
1163,1.0,1.0,1.0,1.0,1.0,1.0,1.0,1.0
1175,0.0,1.0,0.0,0.0,0.0,0.0,0.0,0.0
1179,0.0,1.0,0.0,0.0,0.0,0.0,0.0,0.0
1180,1.0,1.0,1.0,1.0,0.6309297535714575,1.0,1.0,1.0
1185,1.0,1.0,1.0,1.0,1.0,1.0,1.0,1.0
1187,0.6309297535714575,1.0,0.6309297535714575,1.0,0.6309297535714575,1.0,0.6309297535714575,1.0
1191,0.2890648263178879,1.0,0.0,1.0,0.0,1.0,0.38685280723454163,1.0
1194,1.0,1.0,1.0,1.0,1.0,1.0,1.0,1.0
1196,0.0,1.0,0.0,1.0,0.0,1.0,0.0,1.0
1197,0.430676558073393,1.0,0.2890648263178879,1.0,0.0,1.0,0.43067655807339306,1.0
1199,0.0,0.0,0.0,0.0,0.0,0.0,0.0,0.0
1200,0.0,1.0,0.0,1.0,0.0,1.0,0.0,1.0
1202,1.0,1.0,0.3562071871080222,1.0,0.0,1.0,1.0,1.0
1204,1.0,1.0,0.0,1.0,0.0,1.0,1.0,1.0
1207,1.0,1.0,1.0,1.0,1.0,1.0,1.0,1.0
1213,0.0,0.0,0.0,0.0,0.0,0.0,0.0,0.0
1216,1.0,1.0,1.0,1.0,1.0,1.0,1.0,1.0
1221,1.0,1.0,0.430676558073393,1.0,0.0,1.0,1.0,1.0
1225,1.0,1.0,0.2890648263178879,1.0,0.5,1.0,1.0,1.0
1226,0.0,0.0,0.0,1.0,0.3154648767857287,1.0,0.0,1.0
1232,1.0,1.0,1.0,1.0,1.0,1.0,1.0,1.0
1241,1.0,1.0,1.0,1.0,1.0,1.0,1.0,1.0
1245,0.3868528072345416,1.0,0.3333333333333333,1.0,0.6309297535714575,1.0,0.38685280723454163,1.0
1259,1.0,1.0,1.0,1.0,0.6309297535714575,1.0,1.0,1.0
1262,1.0,1.0,1.0,1.0,1.0,1.0,1.0,1.0
1266,0.430676558073393,1.0,1.0,1.0,1.0,1.0,0.43067655807339306,1.0
1270,1.0,1.0,0.6309297535714575,1.0,1.0,1.0,1.0,1.0
1271,1.0,1.0,1.0,1.0,1.0,1.0,1.0,1.0
1272,0.3562071871080222,1.0,0.0,1.0,0.0,1.0,0.38685280723454163,1.0
1273,1.0,1.0,1.0,1.0,1.0,1.0,1.0,1.0
1274,0.8072467605676945,1.0,0.6256646589861505,1.0,0.6508205185601091,1.0,0.8072467605676945,1.0
1278,0.6309297535714575,1.0,0.0,1.0,0.3562071871080222,1.0,0.6309297535714575,1.0
1279,1.0,1.0,0.3010299956639812,1.0,0.430676558073393,1.0,1.0,1.0
1280,0.3333333333333333,1.0,0.0,1.0,0.3868528072345416,1.0,0.3333333333333333,1.0
1281,0.0,0.0,0.0,0.0,0.0,0.0,0.0,0.0
1282,1.0,1.0,0.6309297535714575,1.0,1.0,1.0,1.0,1.0
1290,1.0,1.0,1.0,1.0,1.0,1.0,1.0,1.0
1292,1.0,1.0,0.0,1.0,0.0,0.0,0.0,0.0
1298,1.0,1.0,1.0,1.0,1.0,1.0,1.0,1.0
1303,0.6309297535714575,1.0,0.0,0.0,0.3333333333333333,1.0,0.6309297535714575,1.0
1316,0.0,1.0,0.0,0.0,0.0,1.0,0.0,1.0
1319,1.0,1.0,1.0,1.0,0.6309297535714575,1.0,1.0,1.0
1320,1.0,1.0,0.6309297535714575,1.0,0.430676558073393,1.0,1.0,1.0
1332,0.0,0.0,0.0,0.0,0.0,0.0,0.0,0.0
1335,0.5,1.0,0.430676558073393,1.0,0.5,1.0,0.5,1.0
1336,0.5,1.0,0.5,1.0,0.6309297535714575,1.0,0.5,1.0
1337,1.0,1.0,0.6309297535714575,1.0,0.5,1.0,1.0,1.0
1339,1.0,1.0,1.0,1.0,1.0,1.0,1.0,1.0
1344,0.6309297535714575,1.0,1.0,1.0,1.0,1.0,0.6309297535714575,1.0
1352,1.0,1.0,1.0,1.0,1.0,1.0,1.0,1.0
1359,1.0,1.0,1.0,1.0,1.0,1.0,1.0,1.0
1362,0.0,0.0,0.0,0.0,0.0,0.0,0.0,0.0
1363,0.0,0.0,0.0,0.0,0.0,0.0,0.0,0.0
1368,0.6309297535714575,1.0,0.3154648767857287,1.0,0.3333333333333333,1.0,0.6309297535714575,1.0
1370,0.6309297535714575,1.0,0.430676558073393,1.0,0.3868528072345416,1.0,0.6309297535714575,1.0
1379,0.905865301574308,1.0,0.9438661545147248,1.0,0.9052181617170642,1.0,0.9058653015743079,1.0
1382,1.0,1.0,0.3562071871080222,1.0,1.0,1.0,1.0,1.0
1385,1.0,1.0,0.0,1.0,0.0,1.0,1.0,1.0
1389,1.0,1.0,0.6309297535714575,1.0,1.0,1.0,1.0,1.0
1395,1.0,1.0,0.3868528072345416,1.0,0.0,1.0,1.0,1.0
