dataset,method,ndcg@10,recall@100,rerank_ndcg@10,latency_ms,index_mb,setting
SciFact,Exhaustive MaxSim,0.69912,0.92033,0.69912185890855,535.39,3811.529216,
SciFact,BM25,0.68956,0.92489,0.708638134110819,1.045,3.582632,
SciFact,BGE-M3 dense,0.65418,0.897,0.6965751592705277,0.673,21.229568,
SciFact,BGE-M3 lexical,0.63757,0.898,0.704815195195154,2.279,6.047432,
SciFact,BGE-M3 dense + lexical,0.68422,0.92367,0.6976862703816388,2.893,27.277,
SciFact,SMVE (fixed setting),0.54709,0.85733,0.6897501838720933,86.65,92.8162,w65536_k32_center
SciFact,"SMVE (best on this dataset, optimistic)",0.5719,0.86467,0.6971141091265631,141.54,159.592928,w65536_k64_center
SciFact,MUVERA (fixed setting),0.553,0.858,0.6888327886397247,9.901,424.59136,r40_k4_p32
SciFact,"MUVERA (best on this dataset, optimistic)",0.54381,0.86933,0.6915407585992004,17.186,849.18272,r40_k5_p32
NFCorpus,Exhaustive MaxSim,0.34413,0.29144,0.3441290702960969,342.54,2802.653584,
NFCorpus,BM25,0.32793,0.25716,0.3426687697643243,0.729,2.750464,
NFCorpus,BGE-M3 dense,0.31647,0.28253,0.339315766320528,0.245,14.880768,
NFCorpus,BGE-M3 lexical,0.28571,0.23348,0.3320710007770047,1.618,4.611008,
NFCorpus,BGE-M3 dense + lexical,0.32871,0.28863,0.3417611055646001,2.06,19.491776,
NFCorpus,SMVE (fixed setting),0.22254,0.21061,0.3179971723057156,53.27,62.660256,w65536_k32_center
NFCorpus,"SMVE (best on this dataset, optimistic)",0.2489,0.2331,0.3261961281527317,71.23,79.123928,w65536_k64
NFCorpus,MUVERA (fixed setting),0.25946,0.23824,0.3261320257700003,6.973,297.61536,r40_k4_p32
NFCorpus,"MUVERA (best on this dataset, optimistic)",0.23498,0.23384,0.3304523408679332,7.082,297.61536,r20_k5_p32
ArguAna,Exhaustive MaxSim,0.4841,0.96657,0.4841038278909576,827.34,3992.755992,
ArguAna,BM25,0.49191,0.97297,0.488396552895361,1.452,4.608684,
ArguAna,BGE-M3 dense,0.52658,0.98151,0.4843605024434276,0.902,35.528704,
ArguAna,BGE-M3 lexical,0.34052,0.9303,0.4876673522588163,2.579,7.614588,
ArguAna,BGE-M3 dense + lexical,0.49864,0.98791,0.4848805126553192,3.858,43.143292,
ArguAna,SMVE (fixed setting),0.37829,0.9239,0.4838180255755227,127.92,118.120644,w65536_k32_center
ArguAna,"SMVE (best on this dataset, optimistic)",0.37829,0.9239,0.4838180255755227,127.92,118.120644,w65536_k32_center
ArguAna,MUVERA (fixed setting),0.42619,0.95021,0.4837974119711807,16.006,710.57408,r40_k4_p32
ArguAna,"MUVERA (best on this dataset, optimistic)",0.40888,0.95377,0.4840256184767582,28.188,1421.14816,r40_k5_p32
